[{"model": "sessions.session", "pk": "hsfl2b04m82jaw97ystikomb2k4od4f5", "fields": {"session_data": ".eJxVjMsOwiAQRf-FtSE8O-DSvd9ABhikaiAp7cr479qkC93ec859sYDbWsM2aAlzZmcm2el3i5ge1HaQ79hunafe1mWOfFf4QQe_9kzPy-H-HVQc9Vs7QyoZoYE0CsTJGR-VBBB-itKi0aQBjCglZwQqQJJ8sVS0VDE6i-z9AdI2OAM:1us804:YO0AWGV2gVpuXryrsW-mrVTSsAgA2hoH-W3KANvU2_k", "expire_date": "2025-09-12T22:55:16.393Z"}}, {"model": "portfolio.projectcategory", "pk": 2, "fields": {"name": "Interior Design", "description": "", "created_at": "2025-08-30T00:48:11.790Z"}}, {"model": "portfolio.projectcategory", "pk": 3, "fields": {"name": "Architecture Design", "description": "", "created_at": "2025-08-30T00:48:25.109Z"}}, {"model": "portfolio.projectsubcategory", "pk": 2, "fields": {"name": "Commercial Design", "description": "", "category": 2, "created_at": "2025-08-30T00:48:57.655Z"}}, {"model": "portfolio.projectsubcategory", "pk": 3, "fields": {"name": "Residential Design", "description": "", "category": 2, "created_at": "2025-08-30T00:49:09.448Z"}}, {"model": "portfolio.projectsubcategory", "pk": 4, "fields": {"name": "Custom Furniture & Joinery", "description": "", "category": 2, "created_at": "2025-08-30T00:49:23.631Z"}}, {"model": "portfolio.projectsubcategory", "pk": 5, "fields": {"name": "Execution & Shop Drawings", "description": "", "category": 2, "created_at": "2025-08-30T00:49:39.360Z"}}, {"model": "portfolio.projectsubcategory", "pk": 6, "fields": {"name": "public & commercial", "description": "", "category": 3, "created_at": "2025-08-30T00:49:55.877Z"}}, {"model": "portfolio.projectsubcategory", "pk": 7, "fields": {"name": "Housing & Villas Design", "description": "", "category": 3, "created_at": "2025-08-30T00:50:09.712Z"}}, {"model": "portfolio.projectsubcategory", "pk": 8, "fields": {"name": "BIM Coordination", "description": "", "category": 3, "created_at": "2025-08-30T00:51:18.779Z"}}, {"model": "portfolio.project", "pk": 8, "fields": {"title": "Jewelry Store | TUR", "description": "A contemporary jewelry boutique designed with a modern luxury approach. The space combines elegant minimalism with high-end finishes such as marble, glass, and brass details to highlight the brilliance of the collections. Clean lines, curated lighting, and custom display units create a refined atmosphere where each piece of jewelry becomes the true centerpiece. The design emphasizes exclusivity, sophistication, and a seamless customer journey — from the entrance to private consultation areas.", "image": "projects/jewelry-store-tur/main_20250830_005711_9677ea3f.jpg", "original_filename": "jewelry-store-tur_20250817_160328_4773cf02_q95.jpg", "optimized_image": "projects/jewelry-store-tur/webp/main_20250830_005711_9677ea3f.webp", "optimized_image_small": "projects/jewelry-store-tur/webp/main_20250830_005711_9677ea3f_small.webp", "optimized_image_medium": "projects/jewelry-store-tur/webp/main_20250830_005711_9677ea3f_medium.webp", "optimized_image_large": "projects/jewelry-store-tur/webp/main_20250830_005711_9677ea3f_large.webp", "project_date": "2025-08-30", "order": 1, "categories": [2], "subcategories": [2]}}, {"model": "portfolio.project", "pk": 9, "fields": {"title": "15-20 minutes neighbourhood", "description": "CONCEPT: The 20-minute neighbourhood concept is an urban design and planning strategy aimed at creating communities where residents can meet most of their daily needs within a 20-minute walk, cycle, or public transport trip from their homes. This approach focuses on enhancing liveability, sustainability, and accessibility, fostering a higher quality of life by reducing dependency on cars and promoting healthier Lifestyle.", "image": "projects/15-20-minutes-neighbourhood/main_20250830_011304_0119fac3.jpg", "original_filename": "15-20-minutes-neighbourhood_20250822_045510_83b0d2b3_q95.jpg", "optimized_image": "projects/15-20-minutes-neighbourhood/webp/main_20250830_011304_0119fac3.webp", "optimized_image_small": "projects/15-20-minutes-neighbourhood/webp/main_20250830_011304_0119fac3_small.webp", "optimized_image_medium": "projects/15-20-minutes-neighbourhood/webp/main_20250830_011304_0119fac3_medium.webp", "optimized_image_large": "projects/15-20-minutes-neighbourhood/webp/main_20250830_011304_0119fac3_large.webp", "project_date": "2025-08-30", "order": 2, "categories": [3], "subcategories": [7]}}, {"model": "portfolio.project", "pk": 10, "fields": {"title": "Luxurious Modern Master Bedroom Design", "description": "This luxurious modern bedroom, located in KSA, is designed to offer both comfort and elegance within a total area of 21.5m². The room features sleek, minimalist furnishings combined with high-end finishes to create a serene and opulent atmosphere. Large windows invite natural light, while carefully placed ambient lighting enhances the room's spaciousness. Plush materials and contemporary decor elements complete the design, making this bedroom a perfect retreat for relaxation and sophistication.", "image": "projects/luxurious-modern-master-bedroom-design/main_20250830_013429_49650256.jpg", "original_filename": "luxurious-modern-master-bedroom-design_20250819_022043_a0a0d9dc_q95.jpg", "optimized_image": "projects/luxurious-modern-master-bedroom-design/webp/main_20250830_013429_49650256.webp", "optimized_image_small": "projects/luxurious-modern-master-bedroom-design/webp/main_20250830_013429_49650256_small.webp", "optimized_image_medium": "projects/luxurious-modern-master-bedroom-design/webp/main_20250830_013429_49650256_medium.webp", "optimized_image_large": "projects/luxurious-modern-master-bedroom-design/webp/main_20250830_013429_49650256_large.webp", "project_date": "2025-08-30", "order": 3, "categories": [2], "subcategories": [3]}}, {"model": "portfolio.project", "pk": 11, "fields": {"title": "Cafe Design | KSA", "description": "A modern café counter with a sleek white and brown color scheme. The menu is displayed on four red hanging boards with white text. The counter includes a built-in illuminated display showcasing fresh pastries and desserts. Black barstools line the front of the counter, which is covered in textured brown tiles. Pendant lights hang from the ceiling, adding a warm ambiance. The background features a brick accent wall with a row of coffee bags on display, along with framed black-and-white photographs of musical instruments and microphones, enhancing the café’s artistic and cozy atmosphere.", "image": "projects/cafe-design-ksa/main_20250830_013920_73d90fe8.jpg", "original_filename": "cafe-design-ksa_20250817_160325_27c94fcd_q95.jpg", "optimized_image": "projects/cafe-design-ksa/webp/main_20250830_013920_73d90fe8.webp", "optimized_image_small": "projects/cafe-design-ksa/webp/main_20250830_013920_73d90fe8_small.webp", "optimized_image_medium": "projects/cafe-design-ksa/webp/main_20250830_013920_73d90fe8_medium.webp", "optimized_image_large": "projects/cafe-design-ksa/webp/main_20250830_013920_73d90fe8_large.webp", "project_date": "2025-08-30", "order": 4, "categories": [2], "subcategories": [2]}}, {"model": "portfolio.project", "pk": 12, "fields": {"title": "Furniture Design for Matte Shop", "description": "A custom furniture collection designed specifically for a modern matte-finish retail shop. The pieces feature sleek lines, minimal detailing, and a premium tactile experience. Dark matte woods, powder-coated metals, and soft-textured finishes create a refined and contemporary aesthetic. Each unit—display shelving, counters, and seating—has been designed for both function and visual impact, ensuring the shop interior reflects sophistication and brand identity.", "image": "projects/furniture-design-for-matte-shop/main_20250830_014108_d9c94201.jpg", "original_filename": "furniture-design-for-matte-shop_20250817_160334_d41a5fd2_q95.jpg", "optimized_image": "projects/furniture-design-for-matte-shop/webp/main_20250830_014108_d9c94201.webp", "optimized_image_small": "projects/furniture-design-for-matte-shop/webp/main_20250830_014108_d9c94201_small.webp", "optimized_image_medium": "projects/furniture-design-for-matte-shop/webp/main_20250830_014108_d9c94201_medium.webp", "optimized_image_large": "projects/furniture-design-for-matte-shop/webp/main_20250830_014108_d9c94201_large.webp", "project_date": "2025-08-30", "order": 5, "categories": [2], "subcategories": [4]}}, {"model": "portfolio.project", "pk": 13, "fields": {"title": "Villa Islamic Design - Execution Drawings", "description": "Project: Villa 5+3 Location: London Project Area: 720 m² Ceiling Height: 3.10m Date: 06/2023", "image": "projects/villa-islamic-design-execution-drawings/main_20250830_014426_890d8c76.jpg", "original_filename": "villa-islamic-design-execution-drawings_20250820_021924_24801fd9_q95.jpg", "optimized_image": "projects/villa-islamic-design-execution-drawings/webp/main_20250830_014426_890d8c76.webp", "optimized_image_small": "projects/villa-islamic-design-execution-drawings/webp/main_20250830_014426_890d8c76_small.webp", "optimized_image_medium": "projects/villa-islamic-design-execution-drawings/webp/main_20250830_014426_890d8c76_medium.webp", "optimized_image_large": "projects/villa-islamic-design-execution-drawings/webp/main_20250830_014426_890d8c76_large.webp", "project_date": "2025-08-30", "order": 6, "categories": [2], "subcategories": [3]}}, {"model": "portfolio.project", "pk": 27, "fields": {"title": "Modern Hotel Facade Design & Execution Drawings", "description": "by Alexandria Designs | Led by Muhammad Ali Aboelhamd Project Scope: This project focuses on the complete facade design and execution drawings for a modern hotel located in a vibrant urban context. The design blends contemporary aesthetics, functional detailing, and local identity, with an emphasis on clean geometry, dynamic material interplay, and climate-responsive elements. Tools Used: Revit | AutoCAD | 3Ds Max | V-Ray | Photoshop | BIM 360 Key Features: Sun shading systems and energy-efficient glazing Rhythmic pattern in façade composition Integration of lighting strategy with architectural elements Executed in line with hotel brand identity and hospitality codes.", "image": "projects/modern-hotel-facade-design-execution-drawings/main_20250830_035352_b27ccc47.webp", "original_filename": "modern-hotel-facade-design-execution-drawings_20250819_004628_5036dacd_q98.webp", "optimized_image": "projects/modern-hotel-facade-design-execution-drawings/webp/main_20250830_035352_b27ccc47.webp", "optimized_image_small": "projects/modern-hotel-facade-design-execution-drawings/webp/main_20250830_035352_b27ccc47_small.webp", "optimized_image_medium": "projects/modern-hotel-facade-design-execution-drawings/webp/main_20250830_035352_b27ccc47_medium.webp", "optimized_image_large": "projects/modern-hotel-facade-design-execution-drawings/webp/main_20250830_035352_b27ccc47_large.webp", "project_date": "2025-08-30", "order": 7, "categories": [3], "subcategories": [6]}}, {"model": "portfolio.project", "pk": 28, "fields": {"title": "Exhibition Entrance Design | Watch & Jewellery Middle East Show", "description": "\"Living Luxury\" is a visionary collection of immersive spatial installations developed for the Watch & Jewellery Middle East Show. Each concept brings luxury to life through motion, light, and poetic form. These designs transcend traditional exhibition environments, crafting emotional, dynamic, and sensorial experiences. Concept Overviews: 1. Ethereal Motion A flowing installation of suspended fabric waves simulating the gentle rhythm of breath. It creates a dreamy atmosphere of lightness and movement, echoing the diamond’s shimmer and the elegance of air. 2. Living Facets An iconic entrance arch inspired by the multifaceted geometry of a diamond. Reflective surfaces and angular forms symbolize elegance in motion—luxury that breathes and refracts light with every step. 3. Breathing Luxury – Dynamic Columns Elegant sculptural columns expand and contract like lungs, breathing rhythmically as visitors pass through. This concept captures the motion of luxury—constantly alive, changing, and glowing. 4. Chasing Time An artistic expression of time’s elusive nature, inspired by the flight of a dragonfly. Organic forms, flowing textures, and light interplay embody the fleeting, poetic beauty of movement. 5. Bamboo Kinesis Inspired by the segmented flexibility of bamboo, this installation fuses biophilic design with luxurious materials. It symbolizes strength, sustainability, and elegant natural motion. 6. The Living Jewel A sculptural centerpiece of the event. A man and woman become one ethereal orchid—crafted from air, light, and fabric—symbolizing unity, beauty, and the essence of fine jewelry. Breathing, glowing, and evolving, it embodies jewelry’s relationship to the body and the soul.", "image": "projects/exhibition-entrance-design-watch-jewellery-middle-/main_20250830_040729_2fe6c94a.jpg", "original_filename": "exhibition-entrance-design-watch-jewellery-middle-_20250817_220739_a2f65421_q95.jpg", "optimized_image": "projects/exhibition-entrance-design-watch-jewellery-middle-/webp/main_20250830_040729_2fe6c94a.webp", "optimized_image_small": "projects/exhibition-entrance-design-watch-jewellery-middle-/webp/main_20250830_040729_2fe6c94a_small.webp", "optimized_image_medium": "projects/exhibition-entrance-design-watch-jewellery-middle-/webp/main_20250830_040729_2fe6c94a_medium.webp", "optimized_image_large": "projects/exhibition-entrance-design-watch-jewellery-middle-/webp/main_20250830_040729_2fe6c94a_large.webp", "project_date": "2025-08-30", "order": 8, "categories": [2], "subcategories": [2]}}, {"model": "portfolio.project", "pk": 29, "fields": {"title": "Shop Drawings – Matte Shop", "description": "Preparation of detailed shop drawings for all custom-made furniture and interior elements within the Matte Shop. These drawings will ensure accurate fabrication, coordination, and installation on-site.", "image": "projects/shop-drawings-matte-shop/main_20250830_040841_c6bcb488.jpg", "original_filename": "shop-drawings-matte-shop_20250817_160336_b5b83027_q95.jpg", "optimized_image": "projects/shop-drawings-matte-shop/webp/main_20250830_040841_c6bcb488.webp", "optimized_image_small": "projects/shop-drawings-matte-shop/webp/main_20250830_040841_c6bcb488_small.webp", "optimized_image_medium": "projects/shop-drawings-matte-shop/webp/main_20250830_040841_c6bcb488_medium.webp", "optimized_image_large": "projects/shop-drawings-matte-shop/webp/main_20250830_040841_c6bcb488_large.webp", "project_date": "2025-08-30", "order": 9, "categories": [2], "subcategories": [5]}}, {"model": "portfolio.project", "pk": 33, "fields": {"title": "Office Building | Interior Design | Execution Drawing", "description": "A contemporary executive office design featuring refined neutral tones, bespoke furniture, and integrated ambient lighting. The layout combines functionality with sophistication, offering executive desks, a modern conference area, and curated wall art to create a professional and elegant workspace.", "image": "projects/office-building-interior-design-execution-drawing/main_20250830_062526_41587ee2.jpg", "original_filename": "office-building-nterior-design-execution-drawing_20250821_011317_f83f8ebd_q95.jpg", "optimized_image": "projects/office-building-interior-design-execution-drawing/webp/main_20250830_062526_41587ee2.webp", "optimized_image_small": "projects/office-building-interior-design-execution-drawing/webp/main_20250830_062526_41587ee2_small.webp", "optimized_image_medium": "projects/office-building-interior-design-execution-drawing/webp/main_20250830_062526_41587ee2_medium.webp", "optimized_image_large": "projects/office-building-interior-design-execution-drawing/webp/main_20250830_062526_41587ee2_large.webp", "project_date": "2025-08-30", "order": 10, "categories": [2], "subcategories": [2]}}, {"model": "portfolio.project", "pk": 40, "fields": {"title": "HOUSING IN NEW COMMUNITIES", "description": "ALAMEIN NEW CITY–NORTHWEST COAST Nature is the symbol of life, giving and comfort, so we need nature to be closer to us to renew the daily activity of man. By Providing comfortable and contemporary living needs with livable open spaces, good environmental conditions and a batter social life. A surface used from the sides in closed rooms with curtains walls, used as a gym, leisure and activity halls, cafes, etc. And in the center it is used for parties and sitting with enjoying the view around it under pergolas. The hierarchical shape in the gradient provides places to sit with complete privacy and gradually integrate with nature.", "image": "projects/housing-in-new-communities/main_20250830_072044_720c132c.jpg", "original_filename": "housing-in-new-communities_20250821_014544_2f009496_q95.jpg", "optimized_image": "projects/housing-in-new-communities/webp/main_20250830_072044_720c132c.webp", "optimized_image_small": "projects/housing-in-new-communities/webp/main_20250830_072044_720c132c_small.webp", "optimized_image_medium": "projects/housing-in-new-communities/webp/main_20250830_072044_720c132c_medium.webp", "optimized_image_large": "projects/housing-in-new-communities/webp/main_20250830_072044_720c132c_large.webp", "project_date": "2025-08-30", "order": 11, "categories": [3], "subcategories": [7]}}, {"model": "portfolio.project", "pk": 41, "fields": {"title": "Bedroom Design | | Execution Drawings", "description": "A luxurious modern bedroom featuring a statement upholstered headboard wall, soft neutral tones, and refined material combinations including marble, metal, and dark mirrors. Elegant bedside tables, layered textures, and a contemporary chandelier enhance the sense of comfort and sophistication.", "image": "projects/bedroom-design-execution-drawings/main_20250830_072140_9574c9a1.jpg", "original_filename": "bedroom-design-execution-drawings_20250822_042226_fdfb8abc_q95.jpg", "optimized_image": "projects/bedroom-design-execution-drawings/webp/main_20250830_072140_9574c9a1.webp", "optimized_image_small": "projects/bedroom-design-execution-drawings/webp/main_20250830_072140_9574c9a1_small.webp", "optimized_image_medium": "projects/bedroom-design-execution-drawings/webp/main_20250830_072140_9574c9a1_medium.webp", "optimized_image_large": "projects/bedroom-design-execution-drawings/webp/main_20250830_072140_9574c9a1_large.webp", "project_date": "2025-08-30", "order": 12, "categories": [2], "subcategories": [3]}}, {"model": "portfolio.project", "pk": 42, "fields": {"title": "VIP Seating Area", "description": "A futuristic VIP seating area designed for gamers, featuring curved sofas, neon LED lighting, mirrored surfaces, and digital screens. The space combines metal, concrete, and vibrant colors to create an immersive, high-tech gaming atmosphere.", "image": "projects/vip-seating-area/main_20250830_075011_d933f3b0.jpg", "original_filename": "vip-seating-area_20250821_063451_08664a74_q95.jpg", "optimized_image": "projects/vip-seating-area/webp/main_20250830_075011_d933f3b0.webp", "optimized_image_small": "projects/vip-seating-area/webp/main_20250830_075011_d933f3b0_small.webp", "optimized_image_medium": "projects/vip-seating-area/webp/main_20250830_075011_d933f3b0_medium.webp", "optimized_image_large": "projects/vip-seating-area/webp/main_20250830_075011_d933f3b0_large.webp", "project_date": "2025-08-30", "order": 13, "categories": [2], "subcategories": [2]}}, {"model": "portfolio.project", "pk": 43, "fields": {"title": "Kitchen Execution Drawings", "description": "The Main Kitchen is designed with a refined modern aesthetic, combining clean lines with warm natural finishes. High-quality cabinetry, elegant stone surfaces, and integrated lighting create a sophisticated yet functional environment. This space is tailored for both style and efficiency, offering a contemporary kitchen experience that blends comfort with timeless design.", "image": "projects/kitchen-execution-drawings/main_20250830_075642_5f2607b5.jpg", "original_filename": "kitchen-execution-drawings_20250821_073643_232c7a12_q95.jpg", "optimized_image": "projects/kitchen-execution-drawings/webp/main_20250830_075642_5f2607b5.webp", "optimized_image_small": "projects/kitchen-execution-drawings/webp/main_20250830_075642_5f2607b5_small.webp", "optimized_image_medium": "projects/kitchen-execution-drawings/webp/main_20250830_075642_5f2607b5_medium.webp", "optimized_image_large": "projects/kitchen-execution-drawings/webp/main_20250830_075642_5f2607b5_large.webp", "project_date": "2025-08-30", "order": 14, "categories": [2], "subcategories": [3]}}, {"model": "portfolio.project", "pk": 44, "fields": {"title": "Coffee Shop Execution Drawings", "description": "This café interior blends creativity and comfort through a vibrant palette of teal and pink, paired with bold graphic patterns and artistic wall illustrations. Designed to be both inviting and visually striking, the space offers a unique and memorable atmosphere that enhances the customer experience and reflects a modern, playful brand identity.", "image": "projects/coffee-shop-execution-drawings/main_20250830_080746_f687ab7d.jpg", "original_filename": "coffee-shop-execution-drawings_20250821_075904_ce2016b2_q95.jpg", "optimized_image": "projects/coffee-shop-execution-drawings/webp/main_20250830_080746_f687ab7d.webp", "optimized_image_small": "projects/coffee-shop-execution-drawings/webp/main_20250830_080746_f687ab7d_small.webp", "optimized_image_medium": "projects/coffee-shop-execution-drawings/webp/main_20250830_080746_f687ab7d_medium.webp", "optimized_image_large": "projects/coffee-shop-execution-drawings/webp/main_20250830_080746_f687ab7d_large.webp", "project_date": "2025-08-30", "order": 15, "categories": [2], "subcategories": [2]}}, {"model": "portfolio.project", "pk": 45, "fields": {"title": "Digital Creativity House - Small Firm HeadQuarter Alamein New City", "description": "Concept: Building Types develop and change overtime in addition to innovative prototypes for we are forced to make the buildings highly customizable, changeable and concerning human needs and relationships to maximize the outcome Aim: The building is divided into two parts: one is stable for services & the other is customizable for rooms and office area by using steel structure, partition walls and transformable Furniture. Make the building sustainable to help the environment & to improve the human health. Environmental Technology: Solar panel photovoltaic panels with light weight, freely designable & easy to install Green roof system with thin layer , can be easily installed in existing buildings & light weight.", "image": "projects/digital-creativity-house-small-firm-headquarter-al/main_20250830_081245_3ed8ac20.jpg", "original_filename": "digital-creativity-house-small-firm-headquarter-al_20250821_082105_7fab5823_q95.jpg", "optimized_image": "projects/digital-creativity-house-small-firm-headquarter-al/webp/main_20250830_081245_3ed8ac20.webp", "optimized_image_small": "projects/digital-creativity-house-small-firm-headquarter-al/webp/main_20250830_081245_3ed8ac20_small.webp", "optimized_image_medium": "projects/digital-creativity-house-small-firm-headquarter-al/webp/main_20250830_081245_3ed8ac20_medium.webp", "optimized_image_large": "projects/digital-creativity-house-small-firm-headquarter-al/webp/main_20250830_081245_3ed8ac20_large.webp", "project_date": "2025-08-30", "order": 16, "categories": [3], "subcategories": [7]}}, {"model": "portfolio.projectimage", "pk": 18, "fields": {"project": 8, "image": "projects/jewelry-store-tur/album/album_20250830_005730_521605e8.jpg", "original_filename": "jewelry-store-tur_album_20250817_160340_32c7b969_q95.jpg", "optimized_image": "projects/jewelry-store-tur/webp/album/album_20250830_005730_521605e8.webp", "optimized_image_small": "projects/jewelry-store-tur/webp/album/album_20250830_005730_521605e8_small.webp", "optimized_image_medium": "projects/jewelry-store-tur/webp/album/album_20250830_005730_521605e8_medium.webp", "optimized_image_large": "projects/jewelry-store-tur/webp/album/album_20250830_005730_521605e8_large.webp", "title": null, "description": null, "order": 0}}, {"model": "portfolio.projectimage", "pk": 19, "fields": {"project": 8, "image": "projects/jewelry-store-tur/album/album_20250830_005730_dceb5adf.jpg", "original_filename": "jewelry-store-tur_album_20250817_160347_936169bf_q95.jpg", "optimized_image": "projects/jewelry-store-tur/webp/album/album_20250830_005730_dceb5adf.webp", "optimized_image_small": "projects/jewelry-store-tur/webp/album/album_20250830_005730_dceb5adf_small.webp", "optimized_image_medium": "projects/jewelry-store-tur/webp/album/album_20250830_005730_dceb5adf_medium.webp", "optimized_image_large": "projects/jewelry-store-tur/webp/album/album_20250830_005730_dceb5adf_large.webp", "title": null, "description": null, "order": 1}}, {"model": "portfolio.projectimage", "pk": 20, "fields": {"project": 8, "image": "projects/jewelry-store-tur/album/album_20250830_005730_60cba92f.jpg", "original_filename": "jewelry-store-tur_album_20250817_160354_f588c608_q95.jpg", "optimized_image": "projects/jewelry-store-tur/webp/album/album_20250830_005730_60cba92f.webp", "optimized_image_small": "projects/jewelry-store-tur/webp/album/album_20250830_005730_60cba92f_small.webp", "optimized_image_medium": "projects/jewelry-store-tur/webp/album/album_20250830_005730_60cba92f_medium.webp", "optimized_image_large": "projects/jewelry-store-tur/webp/album/album_20250830_005730_60cba92f_large.webp", "title": null, "description": null, "order": 2}}, {"model": "portfolio.projectimage", "pk": 21, "fields": {"project": 8, "image": "projects/jewelry-store-tur/album/album_20250830_005730_24278b87.jpg", "original_filename": "jewelry-store-tur_album_20250817_160401_5db6d776_q95.jpg", "optimized_image": "projects/jewelry-store-tur/webp/album/album_20250830_005730_24278b87.webp", "optimized_image_small": "projects/jewelry-store-tur/webp/album/album_20250830_005730_24278b87_small.webp", "optimized_image_medium": "projects/jewelry-store-tur/webp/album/album_20250830_005730_24278b87_medium.webp", "optimized_image_large": "projects/jewelry-store-tur/webp/album/album_20250830_005730_24278b87_large.webp", "title": null, "description": null, "order": 3}}, {"model": "portfolio.projectimage", "pk": 22, "fields": {"project": 8, "image": "projects/jewelry-store-tur/album/album_20250830_005730_49c688de.jpg", "original_filename": "jewelry-store-tur_album_20250817_160406_35d59e03_q95.jpg", "optimized_image": "projects/jewelry-store-tur/webp/album/album_20250830_005730_49c688de.webp", "optimized_image_small": "projects/jewelry-store-tur/webp/album/album_20250830_005730_49c688de_small.webp", "optimized_image_medium": "projects/jewelry-store-tur/webp/album/album_20250830_005730_49c688de_medium.webp", "optimized_image_large": "projects/jewelry-store-tur/webp/album/album_20250830_005730_49c688de_large.webp", "title": null, "description": null, "order": 4}}, {"model": "portfolio.projectimage", "pk": 23, "fields": {"project": 8, "image": "projects/jewelry-store-tur/album/album_20250830_005730_b9c970d4.jpg", "original_filename": "jewelry-store-tur_album_20250817_160409_0839ebec_q95.jpg", "optimized_image": "projects/jewelry-store-tur/webp/album/album_20250830_005730_b9c970d4.webp", "optimized_image_small": "projects/jewelry-store-tur/webp/album/album_20250830_005730_b9c970d4_small.webp", "optimized_image_medium": "projects/jewelry-store-tur/webp/album/album_20250830_005730_b9c970d4_medium.webp", "optimized_image_large": "projects/jewelry-store-tur/webp/album/album_20250830_005730_b9c970d4_large.webp", "title": null, "description": null, "order": 5}}, {"model": "portfolio.projectimage", "pk": 24, "fields": {"project": 8, "image": "projects/jewelry-store-tur/album/album_20250830_005730_7459a245.jpg", "original_filename": "jewelry-store-tur_album_20250817_160413_ff28b872_q95.jpg", "optimized_image": "projects/jewelry-store-tur/webp/album/album_20250830_005730_7459a245.webp", "optimized_image_small": "projects/jewelry-store-tur/webp/album/album_20250830_005730_7459a245_small.webp", "optimized_image_medium": "projects/jewelry-store-tur/webp/album/album_20250830_005730_7459a245_medium.webp", "optimized_image_large": "projects/jewelry-store-tur/webp/album/album_20250830_005730_7459a245_large.webp", "title": null, "description": null, "order": 6}}, {"model": "portfolio.projectimage", "pk": 25, "fields": {"project": 8, "image": "projects/jewelry-store-tur/album/album_20250830_005730_cd997349.jpg", "original_filename": "jewelry-store-tur_album_20250817_160415_6004b087_q95.jpg", "optimized_image": "projects/jewelry-store-tur/webp/album/album_20250830_005730_cd997349.webp", "optimized_image_small": "projects/jewelry-store-tur/webp/album/album_20250830_005730_cd997349_small.webp", "optimized_image_medium": "projects/jewelry-store-tur/webp/album/album_20250830_005730_cd997349_medium.webp", "optimized_image_large": "projects/jewelry-store-tur/webp/album/album_20250830_005730_cd997349_large.webp", "title": null, "description": null, "order": 7}}, {"model": "portfolio.projectimage", "pk": 26, "fields": {"project": 8, "image": "projects/jewelry-store-tur/album/album_20250830_005730_85bbd809.jpg", "original_filename": "jewelry-store-tur_album_20250817_160418_e6b43c04_q95.jpg", "optimized_image": "projects/jewelry-store-tur/webp/album/album_20250830_005730_85bbd809.webp", "optimized_image_small": "projects/jewelry-store-tur/webp/album/album_20250830_005730_85bbd809_small.webp", "optimized_image_medium": "projects/jewelry-store-tur/webp/album/album_20250830_005730_85bbd809_medium.webp", "optimized_image_large": "projects/jewelry-store-tur/webp/album/album_20250830_005730_85bbd809_large.webp", "title": null, "description": null, "order": 8}}, {"model": "portfolio.projectimage", "pk": 27, "fields": {"project": 9, "image": "projects/15-20-minutes-neighbourhood/album/album_20250830_011351_beebd745.jpg", "original_filename": "15-20-minutes-neighbourhood_album_20250822_045527_adcde447_q95.jpg", "optimized_image": "projects/15-20-minutes-neighbourhood/webp/album/album_20250830_011351_beebd745.webp", "optimized_image_small": "projects/15-20-minutes-neighbourhood/webp/album/album_20250830_011351_beebd745_small.webp", "optimized_image_medium": "projects/15-20-minutes-neighbourhood/webp/album/album_20250830_011351_beebd745_medium.webp", "optimized_image_large": "projects/15-20-minutes-neighbourhood/webp/album/album_20250830_011351_beebd745_large.webp", "title": null, "description": null, "order": 0}}, {"model": "portfolio.projectimage", "pk": 28, "fields": {"project": 9, "image": "projects/15-20-minutes-neighbourhood/album/album_20250830_011351_3ab2b361.jpg", "original_filename": "15-20-minutes-neighbourhood_album_20250822_045530_4f4a976d_q95.jpg", "optimized_image": "projects/15-20-minutes-neighbourhood/webp/album/album_20250830_011351_3ab2b361.webp", "optimized_image_small": "projects/15-20-minutes-neighbourhood/webp/album/album_20250830_011351_3ab2b361_small.webp", "optimized_image_medium": "projects/15-20-minutes-neighbourhood/webp/album/album_20250830_011351_3ab2b361_medium.webp", "optimized_image_large": "projects/15-20-minutes-neighbourhood/webp/album/album_20250830_011351_3ab2b361_large.webp", "title": null, "description": null, "order": 1}}, {"model": "portfolio.projectimage", "pk": 30, "fields": {"project": 9, "image": "projects/15-20-minutes-neighbourhood/album/album_20250830_011351_5b4df1bf.jpg", "original_filename": "15-20-minutes-neighbourhood_album_20250822_045536_6f0af58d_q95.jpg", "optimized_image": "projects/15-20-minutes-neighbourhood/webp/album/album_20250830_011351_5b4df1bf.webp", "optimized_image_small": "projects/15-20-minutes-neighbourhood/webp/album/album_20250830_011351_5b4df1bf_small.webp", "optimized_image_medium": "projects/15-20-minutes-neighbourhood/webp/album/album_20250830_011351_5b4df1bf_medium.webp", "optimized_image_large": "projects/15-20-minutes-neighbourhood/webp/album/album_20250830_011351_5b4df1bf_large.webp", "title": null, "description": null, "order": 3}}, {"model": "portfolio.projectimage", "pk": 31, "fields": {"project": 9, "image": "projects/15-20-minutes-neighbourhood/album/album_20250830_011351_53b94a26.jpg", "original_filename": "15-20-minutes-neighbourhood_album_20250822_045538_1a5cfa8b_q95.jpg", "optimized_image": "projects/15-20-minutes-neighbourhood/webp/album/album_20250830_011351_53b94a26.webp", "optimized_image_small": "projects/15-20-minutes-neighbourhood/webp/album/album_20250830_011351_53b94a26_small.webp", "optimized_image_medium": "projects/15-20-minutes-neighbourhood/webp/album/album_20250830_011351_53b94a26_medium.webp", "optimized_image_large": "projects/15-20-minutes-neighbourhood/webp/album/album_20250830_011351_53b94a26_large.webp", "title": null, "description": null, "order": 4}}, {"model": "portfolio.projectimage", "pk": 32, "fields": {"project": 9, "image": "projects/15-20-minutes-neighbourhood/album/album_20250830_011351_31a9a510.jpg", "original_filename": "15-20-minutes-neighbourhood_album_20250822_045542_e154fefa_q95.jpg", "optimized_image": "projects/15-20-minutes-neighbourhood/webp/album/album_20250830_011351_31a9a510.webp", "optimized_image_small": "projects/15-20-minutes-neighbourhood/webp/album/album_20250830_011351_31a9a510_small.webp", "optimized_image_medium": "projects/15-20-minutes-neighbourhood/webp/album/album_20250830_011351_31a9a510_medium.webp", "optimized_image_large": "projects/15-20-minutes-neighbourhood/webp/album/album_20250830_011351_31a9a510_large.webp", "title": null, "description": null, "order": 5}}, {"model": "portfolio.projectimage", "pk": 33, "fields": {"project": 9, "image": "projects/15-20-minutes-neighbourhood/album/album_20250830_011351_10cc11d4.jpg", "original_filename": "15-20-minutes-neighbourhood_album_20250822_045544_c9395224_q95.jpg", "optimized_image": "projects/15-20-minutes-neighbourhood/webp/album/album_20250830_011351_10cc11d4.webp", "optimized_image_small": "projects/15-20-minutes-neighbourhood/webp/album/album_20250830_011351_10cc11d4_small.webp", "optimized_image_medium": "projects/15-20-minutes-neighbourhood/webp/album/album_20250830_011351_10cc11d4_medium.webp", "optimized_image_large": "projects/15-20-minutes-neighbourhood/webp/album/album_20250830_011351_10cc11d4_large.webp", "title": null, "description": null, "order": 6}}, {"model": "portfolio.projectimage", "pk": 34, "fields": {"project": 9, "image": "projects/15-20-minutes-neighbourhood/album/album_20250830_011351_89e0b1c7.jpg", "original_filename": "15-20-minutes-neighbourhood_album_20250822_045546_02c07caf_q95.jpg", "optimized_image": "projects/15-20-minutes-neighbourhood/webp/album/album_20250830_011351_89e0b1c7.webp", "optimized_image_small": "projects/15-20-minutes-neighbourhood/webp/album/album_20250830_011351_89e0b1c7_small.webp", "optimized_image_medium": "projects/15-20-minutes-neighbourhood/webp/album/album_20250830_011351_89e0b1c7_medium.webp", "optimized_image_large": "projects/15-20-minutes-neighbourhood/webp/album/album_20250830_011351_89e0b1c7_large.webp", "title": null, "description": null, "order": 7}}, {"model": "portfolio.projectimage", "pk": 35, "fields": {"project": 9, "image": "projects/15-20-minutes-neighbourhood/album/album_20250830_011351_99bb21f5.jpg", "original_filename": "15-20-minutes-neighbourhood_album_20250822_045549_fe7ebefd_q95.jpg", "optimized_image": "projects/15-20-minutes-neighbourhood/webp/album/album_20250830_011351_99bb21f5.webp", "optimized_image_small": "projects/15-20-minutes-neighbourhood/webp/album/album_20250830_011351_99bb21f5_small.webp", "optimized_image_medium": "projects/15-20-minutes-neighbourhood/webp/album/album_20250830_011351_99bb21f5_medium.webp", "optimized_image_large": "projects/15-20-minutes-neighbourhood/webp/album/album_20250830_011351_99bb21f5_large.webp", "title": null, "description": null, "order": 8}}, {"model": "portfolio.projectimage", "pk": 36, "fields": {"project": 9, "image": "projects/15-20-minutes-neighbourhood/album/album_20250830_011351_ff02a73d.jpg", "original_filename": "15-20-minutes-neighbourhood_album_20250822_045552_9159e6eb_q95.jpg", "optimized_image": "projects/15-20-minutes-neighbourhood/webp/album/album_20250830_011351_ff02a73d.webp", "optimized_image_small": "projects/15-20-minutes-neighbourhood/webp/album/album_20250830_011351_ff02a73d_small.webp", "optimized_image_medium": "projects/15-20-minutes-neighbourhood/webp/album/album_20250830_011351_ff02a73d_medium.webp", "optimized_image_large": "projects/15-20-minutes-neighbourhood/webp/album/album_20250830_011351_ff02a73d_large.webp", "title": null, "description": null, "order": 9}}, {"model": "portfolio.projectimage", "pk": 37, "fields": {"project": 9, "image": "projects/15-20-minutes-neighbourhood/album/album_20250830_011805_012bba36.jpg", "original_filename": "15-20-minutes-neighbourhood_album_20250822_045533_a5e61ad7_q95.jpg", "optimized_image": "projects/15-20-minutes-neighbourhood/webp/album/album_20250830_011805_012bba36.webp", "optimized_image_small": "projects/15-20-minutes-neighbourhood/webp/album/album_20250830_011805_012bba36_small.webp", "optimized_image_medium": "projects/15-20-minutes-neighbourhood/webp/album/album_20250830_011805_012bba36_medium.webp", "optimized_image_large": "projects/15-20-minutes-neighbourhood/webp/album/album_20250830_011805_012bba36_large.webp", "title": null, "description": null, "order": 0}}, {"model": "portfolio.projectimage", "pk": 38, "fields": {"project": 10, "image": "projects/luxurious-modern-master-bedroom-design/album/album_20250830_013447_c24b0e68.jpg", "original_filename": "luxurious-modern-master-bedroom-design_album_20250819_022245_f42056d7_q95.jpg", "optimized_image": "projects/luxurious-modern-master-bedroom-design/webp/album/album_20250830_013447_c24b0e68.webp", "optimized_image_small": "projects/luxurious-modern-master-bedroom-design/webp/album/album_20250830_013447_c24b0e68_small.webp", "optimized_image_medium": "projects/luxurious-modern-master-bedroom-design/webp/album/album_20250830_013447_c24b0e68_medium.webp", "optimized_image_large": "projects/luxurious-modern-master-bedroom-design/webp/album/album_20250830_013447_c24b0e68_large.webp", "title": null, "description": null, "order": 0}}, {"model": "portfolio.projectimage", "pk": 39, "fields": {"project": 10, "image": "projects/luxurious-modern-master-bedroom-design/album/album_20250830_013447_fd9013b2.jpg", "original_filename": "luxurious-modern-master-bedroom-design_album_20250819_022241_dc107be2_q95.jpg", "optimized_image": "projects/luxurious-modern-master-bedroom-design/webp/album/album_20250830_013447_fd9013b2.webp", "optimized_image_small": "projects/luxurious-modern-master-bedroom-design/webp/album/album_20250830_013447_fd9013b2_small.webp", "optimized_image_medium": "projects/luxurious-modern-master-bedroom-design/webp/album/album_20250830_013447_fd9013b2_medium.webp", "optimized_image_large": "projects/luxurious-modern-master-bedroom-design/webp/album/album_20250830_013447_fd9013b2_large.webp", "title": null, "description": null, "order": 1}}, {"model": "portfolio.projectimage", "pk": 40, "fields": {"project": 10, "image": "projects/luxurious-modern-master-bedroom-design/album/album_20250830_013447_d6504a3d.jpg", "original_filename": "luxurious-modern-master-bedroom-design_album_20250819_022241_51d0cafc_q95.jpg", "optimized_image": "projects/luxurious-modern-master-bedroom-design/webp/album/album_20250830_013447_d6504a3d.webp", "optimized_image_small": "projects/luxurious-modern-master-bedroom-design/webp/album/album_20250830_013447_d6504a3d_small.webp", "optimized_image_medium": "projects/luxurious-modern-master-bedroom-design/webp/album/album_20250830_013447_d6504a3d_medium.webp", "optimized_image_large": "projects/luxurious-modern-master-bedroom-design/webp/album/album_20250830_013447_d6504a3d_large.webp", "title": null, "description": null, "order": 2}}, {"model": "portfolio.projectimage", "pk": 41, "fields": {"project": 10, "image": "projects/luxurious-modern-master-bedroom-design/album/album_20250830_013447_eb96e1d9.jpg", "original_filename": "luxurious-modern-master-bedroom-design_album_20250819_024002_3bbbf6eb_q95.jpg", "optimized_image": "projects/luxurious-modern-master-bedroom-design/webp/album/album_20250830_013447_eb96e1d9.webp", "optimized_image_small": "projects/luxurious-modern-master-bedroom-design/webp/album/album_20250830_013447_eb96e1d9_small.webp", "optimized_image_medium": "projects/luxurious-modern-master-bedroom-design/webp/album/album_20250830_013447_eb96e1d9_medium.webp", "optimized_image_large": "projects/luxurious-modern-master-bedroom-design/webp/album/album_20250830_013447_eb96e1d9_large.webp", "title": null, "description": null, "order": 3}}, {"model": "portfolio.projectimage", "pk": 42, "fields": {"project": 11, "image": "projects/cafe-design-ksa/album/album_20250830_013934_000cdebf.jpg", "original_filename": "cafe-design-ksa_album_20250817_160338_b5d2a2f6_q95.jpg", "optimized_image": "projects/cafe-design-ksa/webp/album/album_20250830_013934_000cdebf.webp", "optimized_image_small": "projects/cafe-design-ksa/webp/album/album_20250830_013934_000cdebf_small.webp", "optimized_image_medium": "projects/cafe-design-ksa/webp/album/album_20250830_013934_000cdebf_medium.webp", "optimized_image_large": "projects/cafe-design-ksa/webp/album/album_20250830_013934_000cdebf_large.webp", "title": null, "description": null, "order": 0}}, {"model": "portfolio.projectimage", "pk": 43, "fields": {"project": 11, "image": "projects/cafe-design-ksa/album/album_20250830_013934_717bd907.jpg", "original_filename": "cafe-design-ksa_album_20250817_160345_9c22384e_q95.jpg", "optimized_image": "projects/cafe-design-ksa/webp/album/album_20250830_013934_717bd907.webp", "optimized_image_small": "projects/cafe-design-ksa/webp/album/album_20250830_013934_717bd907_small.webp", "optimized_image_medium": "projects/cafe-design-ksa/webp/album/album_20250830_013934_717bd907_medium.webp", "optimized_image_large": "projects/cafe-design-ksa/webp/album/album_20250830_013934_717bd907_large.webp", "title": null, "description": null, "order": 1}}, {"model": "portfolio.projectimage", "pk": 44, "fields": {"project": 11, "image": "projects/cafe-design-ksa/album/album_20250830_013934_2ada7b7c.jpg", "original_filename": "cafe-design-ksa_album_20250817_160358_9142c1e0_q95.jpg", "optimized_image": "projects/cafe-design-ksa/webp/album/album_20250830_013934_2ada7b7c.webp", "optimized_image_small": "projects/cafe-design-ksa/webp/album/album_20250830_013934_2ada7b7c_small.webp", "optimized_image_medium": "projects/cafe-design-ksa/webp/album/album_20250830_013934_2ada7b7c_medium.webp", "optimized_image_large": "projects/cafe-design-ksa/webp/album/album_20250830_013934_2ada7b7c_large.webp", "title": null, "description": null, "order": 2}}, {"model": "portfolio.projectimage", "pk": 45, "fields": {"project": 11, "image": "projects/cafe-design-ksa/album/album_20250830_013935_4467a0b3.jpg", "original_filename": "cafe-design-ksa_album_20250817_160351_13141730_q95.jpg", "optimized_image": "projects/cafe-design-ksa/webp/album/album_20250830_013935_4467a0b3.webp", "optimized_image_small": "projects/cafe-design-ksa/webp/album/album_20250830_013935_4467a0b3_small.webp", "optimized_image_medium": "projects/cafe-design-ksa/webp/album/album_20250830_013935_4467a0b3_medium.webp", "optimized_image_large": "projects/cafe-design-ksa/webp/album/album_20250830_013935_4467a0b3_large.webp", "title": null, "description": null, "order": 3}}, {"model": "portfolio.projectimage", "pk": 46, "fields": {"project": 12, "image": "projects/furniture-design-for-matte-shop/album/album_20250830_014110_67826462.jpg", "original_filename": "furniture-design-for-matte-shop_album_20250817_160349_acea988a_q95.jpg", "optimized_image": "projects/furniture-design-for-matte-shop/webp/album/album_20250830_014110_67826462.webp", "optimized_image_small": "projects/furniture-design-for-matte-shop/webp/album/album_20250830_014110_67826462_small.webp", "optimized_image_medium": "projects/furniture-design-for-matte-shop/webp/album/album_20250830_014110_67826462_medium.webp", "optimized_image_large": "projects/furniture-design-for-matte-shop/webp/album/album_20250830_014110_67826462_large.webp", "title": null, "description": null, "order": 0}}, {"model": "portfolio.projectimage", "pk": 47, "fields": {"project": 12, "image": "projects/furniture-design-for-matte-shop/album/album_20250830_014110_d7186b92.jpg", "original_filename": "furniture-design-for-matte-shop_album_20250817_160356_adea2c79_q95.jpg", "optimized_image": "projects/furniture-design-for-matte-shop/webp/album/album_20250830_014110_d7186b92.webp", "optimized_image_small": "projects/furniture-design-for-matte-shop/webp/album/album_20250830_014110_d7186b92_small.webp", "optimized_image_medium": "projects/furniture-design-for-matte-shop/webp/album/album_20250830_014110_d7186b92_medium.webp", "optimized_image_large": "projects/furniture-design-for-matte-shop/webp/album/album_20250830_014110_d7186b92_large.webp", "title": null, "description": null, "order": 1}}, {"model": "portfolio.projectimage", "pk": 48, "fields": {"project": 12, "image": "projects/furniture-design-for-matte-shop/album/album_20250830_014110_26c8a0f2.jpg", "original_filename": "furniture-design-for-matte-shop_album_20250817_160342_971a4f10_q95.jpg", "optimized_image": "projects/furniture-design-for-matte-shop/webp/album/album_20250830_014110_26c8a0f2.webp", "optimized_image_small": "projects/furniture-design-for-matte-shop/webp/album/album_20250830_014110_26c8a0f2_small.webp", "optimized_image_medium": "projects/furniture-design-for-matte-shop/webp/album/album_20250830_014110_26c8a0f2_medium.webp", "optimized_image_large": "projects/furniture-design-for-matte-shop/webp/album/album_20250830_014110_26c8a0f2_large.webp", "title": null, "description": null, "order": 2}}, {"model": "portfolio.projectimage", "pk": 49, "fields": {"project": 13, "image": "projects/villa-islamic-design-execution-drawings/album/album_20250830_014446_d7041251.jpg", "original_filename": "villa-islamic-design-execution-drawings_album_20250820_005324_77dcd5f9_q95.jpg", "optimized_image": "projects/villa-islamic-design-execution-drawings/webp/album/album_20250830_014446_d7041251.webp", "optimized_image_small": "projects/villa-islamic-design-execution-drawings/webp/album/album_20250830_014446_d7041251_small.webp", "optimized_image_medium": "projects/villa-islamic-design-execution-drawings/webp/album/album_20250830_014446_d7041251_medium.webp", "optimized_image_large": "projects/villa-islamic-design-execution-drawings/webp/album/album_20250830_014446_d7041251_large.webp", "title": null, "description": null, "order": 0}}, {"model": "portfolio.projectimage", "pk": 50, "fields": {"project": 13, "image": "projects/villa-islamic-design-execution-drawings/album/album_20250830_014446_d01cea6d.jpg", "original_filename": "villa-islamic-design-execution-drawings_album_20250820_005326_27dac11c_q95.jpg", "optimized_image": "projects/villa-islamic-design-execution-drawings/webp/album/album_20250830_014446_d01cea6d.webp", "optimized_image_small": "projects/villa-islamic-design-execution-drawings/webp/album/album_20250830_014446_d01cea6d_small.webp", "optimized_image_medium": "projects/villa-islamic-design-execution-drawings/webp/album/album_20250830_014446_d01cea6d_medium.webp", "optimized_image_large": "projects/villa-islamic-design-execution-drawings/webp/album/album_20250830_014446_d01cea6d_large.webp", "title": null, "description": null, "order": 1}}, {"model": "portfolio.projectimage", "pk": 51, "fields": {"project": 13, "image": "projects/villa-islamic-design-execution-drawings/album/album_20250830_014446_863195a2.jpg", "original_filename": "villa-islamic-design-execution-drawings_album_20250820_005327_157e2fb7_q95.jpg", "optimized_image": "projects/villa-islamic-design-execution-drawings/webp/album/album_20250830_014446_863195a2.webp", "optimized_image_small": "projects/villa-islamic-design-execution-drawings/webp/album/album_20250830_014446_863195a2_small.webp", "optimized_image_medium": "projects/villa-islamic-design-execution-drawings/webp/album/album_20250830_014446_863195a2_medium.webp", "optimized_image_large": "projects/villa-islamic-design-execution-drawings/webp/album/album_20250830_014446_863195a2_large.webp", "title": null, "description": null, "order": 2}}, {"model": "portfolio.projectimage", "pk": 52, "fields": {"project": 13, "image": "projects/villa-islamic-design-execution-drawings/album/album_20250830_014446_5017a3cf.jpg", "original_filename": "villa-islamic-design-execution-drawings_album_20250820_005329_a866c60b_q95.jpg", "optimized_image": "projects/villa-islamic-design-execution-drawings/webp/album/album_20250830_014446_5017a3cf.webp", "optimized_image_small": "projects/villa-islamic-design-execution-drawings/webp/album/album_20250830_014446_5017a3cf_small.webp", "optimized_image_medium": "projects/villa-islamic-design-execution-drawings/webp/album/album_20250830_014446_5017a3cf_medium.webp", "optimized_image_large": "projects/villa-islamic-design-execution-drawings/webp/album/album_20250830_014446_5017a3cf_large.webp", "title": null, "description": null, "order": 3}}, {"model": "portfolio.projectimage", "pk": 53, "fields": {"project": 13, "image": "projects/villa-islamic-design-execution-drawings/album/album_20250830_014446_2b0f6e54.jpg", "original_filename": "villa-islamic-design-execution-drawings_album_20250820_005332_8d22e6d4_q95.jpg", "optimized_image": "projects/villa-islamic-design-execution-drawings/webp/album/album_20250830_014446_2b0f6e54.webp", "optimized_image_small": "projects/villa-islamic-design-execution-drawings/webp/album/album_20250830_014446_2b0f6e54_small.webp", "optimized_image_medium": "projects/villa-islamic-design-execution-drawings/webp/album/album_20250830_014446_2b0f6e54_medium.webp", "optimized_image_large": "projects/villa-islamic-design-execution-drawings/webp/album/album_20250830_014446_2b0f6e54_large.webp", "title": null, "description": null, "order": 4}}, {"model": "portfolio.projectimage", "pk": 54, "fields": {"project": 13, "image": "projects/villa-islamic-design-execution-drawings/album/album_20250830_014446_1100bbe4.jpg", "original_filename": "villa-islamic-design-execution-drawings_album_20250820_005334_58f7fd35_q95.jpg", "optimized_image": "projects/villa-islamic-design-execution-drawings/webp/album/album_20250830_014446_1100bbe4.webp", "optimized_image_small": "projects/villa-islamic-design-execution-drawings/webp/album/album_20250830_014446_1100bbe4_small.webp", "optimized_image_medium": "projects/villa-islamic-design-execution-drawings/webp/album/album_20250830_014446_1100bbe4_medium.webp", "optimized_image_large": "projects/villa-islamic-design-execution-drawings/webp/album/album_20250830_014446_1100bbe4_large.webp", "title": null, "description": null, "order": 5}}, {"model": "portfolio.projectimage", "pk": 55, "fields": {"project": 13, "image": "projects/villa-islamic-design-execution-drawings/album/album_20250830_014446_8d2eaf08.jpg", "original_filename": "villa-islamic-design-execution-drawings_album_20250820_005335_7f563ffc_q95.jpg", "optimized_image": "projects/villa-islamic-design-execution-drawings/webp/album/album_20250830_014446_8d2eaf08.webp", "optimized_image_small": "projects/villa-islamic-design-execution-drawings/webp/album/album_20250830_014446_8d2eaf08_small.webp", "optimized_image_medium": "projects/villa-islamic-design-execution-drawings/webp/album/album_20250830_014446_8d2eaf08_medium.webp", "optimized_image_large": "projects/villa-islamic-design-execution-drawings/webp/album/album_20250830_014446_8d2eaf08_large.webp", "title": null, "description": null, "order": 6}}, {"model": "portfolio.projectimage", "pk": 56, "fields": {"project": 13, "image": "projects/villa-islamic-design-execution-drawings/album/album_20250830_014446_794ad38d.jpg", "original_filename": "villa-islamic-design-execution-drawings_album_20250820_005336_fd62761e_q95.jpg", "optimized_image": "projects/villa-islamic-design-execution-drawings/webp/album/album_20250830_014446_794ad38d.webp", "optimized_image_small": "projects/villa-islamic-design-execution-drawings/webp/album/album_20250830_014446_794ad38d_small.webp", "optimized_image_medium": "projects/villa-islamic-design-execution-drawings/webp/album/album_20250830_014446_794ad38d_medium.webp", "optimized_image_large": "projects/villa-islamic-design-execution-drawings/webp/album/album_20250830_014446_794ad38d_large.webp", "title": null, "description": null, "order": 7}}, {"model": "portfolio.projectimage", "pk": 57, "fields": {"project": 13, "image": "projects/villa-islamic-design-execution-drawings/album/album_20250830_014446_165fa356.jpg", "original_filename": "villa-islamic-design-execution-drawings_album_20250820_005339_aec4432d_q95.jpg", "optimized_image": "projects/villa-islamic-design-execution-drawings/webp/album/album_20250830_014446_165fa356.webp", "optimized_image_small": "projects/villa-islamic-design-execution-drawings/webp/album/album_20250830_014446_165fa356_small.webp", "optimized_image_medium": "projects/villa-islamic-design-execution-drawings/webp/album/album_20250830_014446_165fa356_medium.webp", "optimized_image_large": "projects/villa-islamic-design-execution-drawings/webp/album/album_20250830_014446_165fa356_large.webp", "title": null, "description": null, "order": 8}}, {"model": "portfolio.projectimage", "pk": 58, "fields": {"project": 13, "image": "projects/villa-islamic-design-execution-drawings/album/album_20250830_014446_979da478.jpg", "original_filename": "villa-islamic-design-execution-drawings_album_20250820_005340_3023081b_q95.jpg", "optimized_image": "projects/villa-islamic-design-execution-drawings/webp/album/album_20250830_014446_979da478.webp", "optimized_image_small": "projects/villa-islamic-design-execution-drawings/webp/album/album_20250830_014446_979da478_small.webp", "optimized_image_medium": "projects/villa-islamic-design-execution-drawings/webp/album/album_20250830_014446_979da478_medium.webp", "optimized_image_large": "projects/villa-islamic-design-execution-drawings/webp/album/album_20250830_014446_979da478_large.webp", "title": null, "description": null, "order": 9}}, {"model": "portfolio.projectimage", "pk": 59, "fields": {"project": 13, "image": "projects/villa-islamic-design-execution-drawings/album/album_20250830_014446_3ce2a940.jpg", "original_filename": "villa-islamic-design-execution-drawings_album_20250820_005343_2a6f9ea8_q95.jpg", "optimized_image": "projects/villa-islamic-design-execution-drawings/webp/album/album_20250830_014446_3ce2a940.webp", "optimized_image_small": "projects/villa-islamic-design-execution-drawings/webp/album/album_20250830_014446_3ce2a940_small.webp", "optimized_image_medium": "projects/villa-islamic-design-execution-drawings/webp/album/album_20250830_014446_3ce2a940_medium.webp", "optimized_image_large": "projects/villa-islamic-design-execution-drawings/webp/album/album_20250830_014446_3ce2a940_large.webp", "title": null, "description": null, "order": 10}}, {"model": "portfolio.projectimage", "pk": 60, "fields": {"project": 13, "image": "projects/villa-islamic-design-execution-drawings/album/album_20250830_014446_089fd023.jpg", "original_filename": "villa-islamic-design-execution-drawings_album_20250820_005345_284034be_q95.jpg", "optimized_image": "projects/villa-islamic-design-execution-drawings/webp/album/album_20250830_014446_089fd023.webp", "optimized_image_small": "projects/villa-islamic-design-execution-drawings/webp/album/album_20250830_014446_089fd023_small.webp", "optimized_image_medium": "projects/villa-islamic-design-execution-drawings/webp/album/album_20250830_014446_089fd023_medium.webp", "optimized_image_large": "projects/villa-islamic-design-execution-drawings/webp/album/album_20250830_014446_089fd023_large.webp", "title": null, "description": null, "order": 11}}, {"model": "portfolio.projectimage", "pk": 61, "fields": {"project": 13, "image": "projects/villa-islamic-design-execution-drawings/album/album_20250830_014446_11a074eb.jpg", "original_filename": "villa-islamic-design-execution-drawings_album_20250820_005346_1508042b_q95.jpg", "optimized_image": "projects/villa-islamic-design-execution-drawings/webp/album/album_20250830_014446_11a074eb.webp", "optimized_image_small": "projects/villa-islamic-design-execution-drawings/webp/album/album_20250830_014446_11a074eb_small.webp", "optimized_image_medium": "projects/villa-islamic-design-execution-drawings/webp/album/album_20250830_014446_11a074eb_medium.webp", "optimized_image_large": "projects/villa-islamic-design-execution-drawings/webp/album/album_20250830_014446_11a074eb_large.webp", "title": null, "description": null, "order": 12}}, {"model": "portfolio.projectimage", "pk": 153, "fields": {"project": 27, "image": "projects/modern-hotel-facade-design-execution-drawings/album/album_20250830_035358_e133daa0.jpg", "original_filename": "modern-hotel-facade-design-execution-drawings_album_20250819_004637_3664e223_q95.jpg", "optimized_image": "projects/modern-hotel-facade-design-execution-drawings/webp/album/album_20250830_035358_e133daa0.webp", "optimized_image_small": "projects/modern-hotel-facade-design-execution-drawings/webp/album/album_20250830_035358_e133daa0_small.webp", "optimized_image_medium": "projects/modern-hotel-facade-design-execution-drawings/webp/album/album_20250830_035358_e133daa0_medium.webp", "optimized_image_large": "projects/modern-hotel-facade-design-execution-drawings/webp/album/album_20250830_035358_e133daa0_large.webp", "title": null, "description": null, "order": 0}}, {"model": "portfolio.projectimage", "pk": 154, "fields": {"project": 27, "image": "projects/modern-hotel-facade-design-execution-drawings/album/album_20250830_035358_3affe094.jpg", "original_filename": "modern-hotel-facade-design-execution-drawings_album_20250819_004637_064445ba_q95.jpg", "optimized_image": "projects/modern-hotel-facade-design-execution-drawings/webp/album/album_20250830_035358_3affe094.webp", "optimized_image_small": "projects/modern-hotel-facade-design-execution-drawings/webp/album/album_20250830_035358_3affe094_small.webp", "optimized_image_medium": "projects/modern-hotel-facade-design-execution-drawings/webp/album/album_20250830_035358_3affe094_medium.webp", "optimized_image_large": "projects/modern-hotel-facade-design-execution-drawings/webp/album/album_20250830_035358_3affe094_large.webp", "title": null, "description": null, "order": 1}}, {"model": "portfolio.projectimage", "pk": 155, "fields": {"project": 27, "image": "projects/modern-hotel-facade-design-execution-drawings/album/album_20250830_035358_4629f97d.jpg", "original_filename": "modern-hotel-facade-design-execution-drawings_album_20250819_004637_934651b2_q95.jpg", "optimized_image": "projects/modern-hotel-facade-design-execution-drawings/webp/album/album_20250830_035358_4629f97d.webp", "optimized_image_small": "projects/modern-hotel-facade-design-execution-drawings/webp/album/album_20250830_035358_4629f97d_small.webp", "optimized_image_medium": "projects/modern-hotel-facade-design-execution-drawings/webp/album/album_20250830_035358_4629f97d_medium.webp", "optimized_image_large": "projects/modern-hotel-facade-design-execution-drawings/webp/album/album_20250830_035358_4629f97d_large.webp", "title": null, "description": null, "order": 2}}, {"model": "portfolio.projectimage", "pk": 156, "fields": {"project": 27, "image": "projects/modern-hotel-facade-design-execution-drawings/album/album_20250830_035358_a7b08632.jpg", "original_filename": "modern-hotel-facade-design-execution-drawings_album_20250819_004637_3907425b_q95.jpg", "optimized_image": "projects/modern-hotel-facade-design-execution-drawings/webp/album/album_20250830_035358_a7b08632.webp", "optimized_image_small": "projects/modern-hotel-facade-design-execution-drawings/webp/album/album_20250830_035358_a7b08632_small.webp", "optimized_image_medium": "projects/modern-hotel-facade-design-execution-drawings/webp/album/album_20250830_035358_a7b08632_medium.webp", "optimized_image_large": "projects/modern-hotel-facade-design-execution-drawings/webp/album/album_20250830_035358_a7b08632_large.webp", "title": null, "description": null, "order": 3}}, {"model": "portfolio.projectimage", "pk": 157, "fields": {"project": 27, "image": "projects/modern-hotel-facade-design-execution-drawings/album/album_20250830_035358_55bd6d2d.jpg", "original_filename": "modern-hotel-facade-design-execution-drawings_album_20250819_004637_a8c52938_q95.jpg", "optimized_image": "projects/modern-hotel-facade-design-execution-drawings/webp/album/album_20250830_035358_55bd6d2d.webp", "optimized_image_small": "projects/modern-hotel-facade-design-execution-drawings/webp/album/album_20250830_035358_55bd6d2d_small.webp", "optimized_image_medium": "projects/modern-hotel-facade-design-execution-drawings/webp/album/album_20250830_035358_55bd6d2d_medium.webp", "optimized_image_large": "projects/modern-hotel-facade-design-execution-drawings/webp/album/album_20250830_035358_55bd6d2d_large.webp", "title": null, "description": null, "order": 4}}, {"model": "portfolio.projectimage", "pk": 158, "fields": {"project": 27, "image": "projects/modern-hotel-facade-design-execution-drawings/album/album_20250830_035358_973b40e4.jpg", "original_filename": "modern-hotel-facade-design-execution-drawings_album_20250819_004638_44e36aa0_q95.jpg", "optimized_image": "projects/modern-hotel-facade-design-execution-drawings/webp/album/album_20250830_035358_973b40e4.webp", "optimized_image_small": "projects/modern-hotel-facade-design-execution-drawings/webp/album/album_20250830_035358_973b40e4_small.webp", "optimized_image_medium": "projects/modern-hotel-facade-design-execution-drawings/webp/album/album_20250830_035358_973b40e4_medium.webp", "optimized_image_large": "projects/modern-hotel-facade-design-execution-drawings/webp/album/album_20250830_035358_973b40e4_large.webp", "title": null, "description": null, "order": 5}}, {"model": "portfolio.projectimage", "pk": 159, "fields": {"project": 27, "image": "projects/modern-hotel-facade-design-execution-drawings/album/album_20250830_035358_eebf3d5d.jpg", "original_filename": "modern-hotel-facade-design-execution-drawings_album_20250819_004638_a59bea31_q95.jpg", "optimized_image": "projects/modern-hotel-facade-design-execution-drawings/webp/album/album_20250830_035358_eebf3d5d.webp", "optimized_image_small": "projects/modern-hotel-facade-design-execution-drawings/webp/album/album_20250830_035358_eebf3d5d_small.webp", "optimized_image_medium": "projects/modern-hotel-facade-design-execution-drawings/webp/album/album_20250830_035358_eebf3d5d_medium.webp", "optimized_image_large": "projects/modern-hotel-facade-design-execution-drawings/webp/album/album_20250830_035358_eebf3d5d_large.webp", "title": null, "description": null, "order": 6}}, {"model": "portfolio.projectimage", "pk": 160, "fields": {"project": 28, "image": "projects/exhibition-entrance-design-watch-jewellery-middle-/album/album_20250830_040742_7968e746.jpg", "original_filename": "exhibition-entrance-design-watch-jewellery-middle-_album_20250817_22083_Mf7EwYd_q95.jpg", "optimized_image": "projects/exhibition-entrance-design-watch-jewellery-middle-/webp/album/album_20250830_040742_7968e746.webp", "optimized_image_small": "projects/exhibition-entrance-design-watch-jewellery-middle-/webp/album/album_20250830_040742_7968e746_small.webp", "optimized_image_medium": "projects/exhibition-entrance-design-watch-jewellery-middle-/webp/album/album_20250830_040742_7968e746_medium.webp", "optimized_image_large": "projects/exhibition-entrance-design-watch-jewellery-middle-/webp/album/album_20250830_040742_7968e746_large.webp", "title": null, "description": null, "order": 0}}, {"model": "portfolio.projectimage", "pk": 161, "fields": {"project": 28, "image": "projects/exhibition-entrance-design-watch-jewellery-middle-/album/album_20250830_040742_0c84e565.jpg", "original_filename": "exhibition-entrance-design-watch-jewellery-middle-_album_20250817_22084_k4UyOlx_q95.jpg", "optimized_image": "projects/exhibition-entrance-design-watch-jewellery-middle-/webp/album/album_20250830_040742_0c84e565.webp", "optimized_image_small": "projects/exhibition-entrance-design-watch-jewellery-middle-/webp/album/album_20250830_040742_0c84e565_small.webp", "optimized_image_medium": "projects/exhibition-entrance-design-watch-jewellery-middle-/webp/album/album_20250830_040742_0c84e565_medium.webp", "optimized_image_large": "projects/exhibition-entrance-design-watch-jewellery-middle-/webp/album/album_20250830_040742_0c84e565_large.webp", "title": null, "description": null, "order": 1}}, {"model": "portfolio.projectimage", "pk": 162, "fields": {"project": 28, "image": "projects/exhibition-entrance-design-watch-jewellery-middle-/album/album_20250830_040742_1f46c0cf.jpg", "original_filename": "exhibition-entrance-design-watch-jewellery-middle-_album_20250817_22084_RUepEyV_q95.jpg", "optimized_image": "projects/exhibition-entrance-design-watch-jewellery-middle-/webp/album/album_20250830_040742_1f46c0cf.webp", "optimized_image_small": "projects/exhibition-entrance-design-watch-jewellery-middle-/webp/album/album_20250830_040742_1f46c0cf_small.webp", "optimized_image_medium": "projects/exhibition-entrance-design-watch-jewellery-middle-/webp/album/album_20250830_040742_1f46c0cf_medium.webp", "optimized_image_large": "projects/exhibition-entrance-design-watch-jewellery-middle-/webp/album/album_20250830_040742_1f46c0cf_large.webp", "title": null, "description": null, "order": 2}}, {"model": "portfolio.projectimage", "pk": 163, "fields": {"project": 28, "image": "projects/exhibition-entrance-design-watch-jewellery-middle-/album/album_20250830_040742_c890854c.jpg", "original_filename": "exhibition-entrance-design-watch-jewellery-middle-_album_20250817_22085_AoQ3Yii_q95.jpg", "optimized_image": "projects/exhibition-entrance-design-watch-jewellery-middle-/webp/album/album_20250830_040742_c890854c.webp", "optimized_image_small": "projects/exhibition-entrance-design-watch-jewellery-middle-/webp/album/album_20250830_040742_c890854c_small.webp", "optimized_image_medium": "projects/exhibition-entrance-design-watch-jewellery-middle-/webp/album/album_20250830_040742_c890854c_medium.webp", "optimized_image_large": "projects/exhibition-entrance-design-watch-jewellery-middle-/webp/album/album_20250830_040742_c890854c_large.webp", "title": null, "description": null, "order": 3}}, {"model": "portfolio.projectimage", "pk": 164, "fields": {"project": 28, "image": "projects/exhibition-entrance-design-watch-jewellery-middle-/album/album_20250830_040742_c0d7b245.jpg", "original_filename": "exhibition-entrance-design-watch-jewellery-middle-_album_20250817_220847_VpaJyp1_q95.jpg", "optimized_image": null, "optimized_image_small": null, "optimized_image_medium": null, "optimized_image_large": null, "title": null, "description": null, "order": 4}}, {"model": "portfolio.projectimage", "pk": 165, "fields": {"project": 29, "image": "projects/shop-drawings-matte-shop/album/album_20250830_040845_a3f7c1a9.jpg", "original_filename": "shop-drawings-matte-shop_album_20250817_160343_e5d004ff_q95.jpg", "optimized_image": "projects/shop-drawings-matte-shop/webp/album/album_20250830_040845_a3f7c1a9.webp", "optimized_image_small": "projects/shop-drawings-matte-shop/webp/album/album_20250830_040845_a3f7c1a9_small.webp", "optimized_image_medium": "projects/shop-drawings-matte-shop/webp/album/album_20250830_040845_a3f7c1a9_medium.webp", "optimized_image_large": "projects/shop-drawings-matte-shop/webp/album/album_20250830_040845_a3f7c1a9_large.webp", "title": null, "description": null, "order": 0}}, {"model": "portfolio.projectimage", "pk": 166, "fields": {"project": 29, "image": "projects/shop-drawings-matte-shop/album/album_20250830_040845_5739308f.jpg", "original_filename": "shop-drawings-matte-shop_album_20250817_160350_1cddb00e_q95.jpg", "optimized_image": "projects/shop-drawings-matte-shop/webp/album/album_20250830_040845_5739308f.webp", "optimized_image_small": "projects/shop-drawings-matte-shop/webp/album/album_20250830_040845_5739308f_small.webp", "optimized_image_medium": "projects/shop-drawings-matte-shop/webp/album/album_20250830_040845_5739308f_medium.webp", "optimized_image_large": "projects/shop-drawings-matte-shop/webp/album/album_20250830_040845_5739308f_large.webp", "title": null, "description": null, "order": 1}}, {"model": "portfolio.projectimage", "pk": 167, "fields": {"project": 29, "image": "projects/shop-drawings-matte-shop/album/album_20250830_040845_aa2f6cf9.jpg", "original_filename": "shop-drawings-matte-shop_album_20250817_160356_c1ed3499_q95.jpg", "optimized_image": "projects/shop-drawings-matte-shop/webp/album/album_20250830_040845_aa2f6cf9.webp", "optimized_image_small": "projects/shop-drawings-matte-shop/webp/album/album_20250830_040845_aa2f6cf9_small.webp", "optimized_image_medium": "projects/shop-drawings-matte-shop/webp/album/album_20250830_040845_aa2f6cf9_medium.webp", "optimized_image_large": "projects/shop-drawings-matte-shop/webp/album/album_20250830_040845_aa2f6cf9_large.webp", "title": null, "description": null, "order": 2}}, {"model": "portfolio.projectimage", "pk": 168, "fields": {"project": 29, "image": "projects/shop-drawings-matte-shop/album/album_20250830_040845_ac92ca73.jpg", "original_filename": "shop-drawings-matte-shop_album_20250817_160402_585209f5_q95.jpg", "optimized_image": "projects/shop-drawings-matte-shop/webp/album/album_20250830_040845_ac92ca73.webp", "optimized_image_small": "projects/shop-drawings-matte-shop/webp/album/album_20250830_040845_ac92ca73_small.webp", "optimized_image_medium": "projects/shop-drawings-matte-shop/webp/album/album_20250830_040845_ac92ca73_medium.webp", "optimized_image_large": "projects/shop-drawings-matte-shop/webp/album/album_20250830_040845_ac92ca73_large.webp", "title": null, "description": null, "order": 3}}, {"model": "portfolio.projectimage", "pk": 169, "fields": {"project": 29, "image": "projects/shop-drawings-matte-shop/album/album_20250830_040845_6b76141d.jpg", "original_filename": "shop-drawings-matte-shop_album_20250817_160407_17b48340_q95.jpg", "optimized_image": "projects/shop-drawings-matte-shop/webp/album/album_20250830_040845_6b76141d.webp", "optimized_image_small": "projects/shop-drawings-matte-shop/webp/album/album_20250830_040845_6b76141d_small.webp", "optimized_image_medium": "projects/shop-drawings-matte-shop/webp/album/album_20250830_040845_6b76141d_medium.webp", "optimized_image_large": "projects/shop-drawings-matte-shop/webp/album/album_20250830_040845_6b76141d_large.webp", "title": null, "description": null, "order": 4}}, {"model": "portfolio.projectimage", "pk": 170, "fields": {"project": 29, "image": "projects/shop-drawings-matte-shop/album/album_20250830_040845_b9494d74.jpg", "original_filename": "shop-drawings-matte-shop_album_20250817_160410_bee78353_q95.jpg", "optimized_image": "projects/shop-drawings-matte-shop/webp/album/album_20250830_040845_b9494d74.webp", "optimized_image_small": "projects/shop-drawings-matte-shop/webp/album/album_20250830_040845_b9494d74_small.webp", "optimized_image_medium": "projects/shop-drawings-matte-shop/webp/album/album_20250830_040845_b9494d74_medium.webp", "optimized_image_large": "projects/shop-drawings-matte-shop/webp/album/album_20250830_040845_b9494d74_large.webp", "title": null, "description": null, "order": 5}}, {"model": "portfolio.projectimage", "pk": 171, "fields": {"project": 29, "image": "projects/shop-drawings-matte-shop/album/album_20250830_040845_451b3334.jpg", "original_filename": "shop-drawings-matte-shop_album_20250817_160413_1f829a30_q95.jpg", "optimized_image": "projects/shop-drawings-matte-shop/webp/album/album_20250830_040845_451b3334.webp", "optimized_image_small": "projects/shop-drawings-matte-shop/webp/album/album_20250830_040845_451b3334_small.webp", "optimized_image_medium": "projects/shop-drawings-matte-shop/webp/album/album_20250830_040845_451b3334_medium.webp", "optimized_image_large": "projects/shop-drawings-matte-shop/webp/album/album_20250830_040845_451b3334_large.webp", "title": null, "description": null, "order": 6}}, {"model": "portfolio.projectimage", "pk": 209, "fields": {"project": 33, "image": "projects/office-building-interior-design-execution-drawing/album/album_20250830_062546_bdbe54d4.jpg", "original_filename": "office-building-nterior-design-execution-drawing_album_20250821_011416_5f526cef_q95.jpg", "optimized_image": "projects/office-building-interior-design-execution-drawing/webp/album/album_20250830_062546_bdbe54d4.webp", "optimized_image_small": "projects/office-building-interior-design-execution-drawing/webp/album/album_20250830_062546_bdbe54d4_small.webp", "optimized_image_medium": "projects/office-building-interior-design-execution-drawing/webp/album/album_20250830_062546_bdbe54d4_medium.webp", "optimized_image_large": "projects/office-building-interior-design-execution-drawing/webp/album/album_20250830_062546_bdbe54d4_large.webp", "title": null, "description": null, "order": 0}}, {"model": "portfolio.projectimage", "pk": 210, "fields": {"project": 33, "image": "projects/office-building-interior-design-execution-drawing/album/album_20250830_062546_12200afd.jpg", "original_filename": "office-building-nterior-design-execution-drawing_album_20250821_011420_c47309fb_q95.jpg", "optimized_image": "projects/office-building-interior-design-execution-drawing/webp/album/album_20250830_062546_12200afd.webp", "optimized_image_small": "projects/office-building-interior-design-execution-drawing/webp/album/album_20250830_062546_12200afd_small.webp", "optimized_image_medium": "projects/office-building-interior-design-execution-drawing/webp/album/album_20250830_062546_12200afd_medium.webp", "optimized_image_large": "projects/office-building-interior-design-execution-drawing/webp/album/album_20250830_062546_12200afd_large.webp", "title": null, "description": null, "order": 1}}, {"model": "portfolio.projectimage", "pk": 211, "fields": {"project": 33, "image": "projects/office-building-interior-design-execution-drawing/album/album_20250830_062546_564b52aa.jpg", "original_filename": "office-building-nterior-design-execution-drawing_album_20250821_011423_2b923fbe_q95.jpg", "optimized_image": "projects/office-building-interior-design-execution-drawing/webp/album/album_20250830_062546_564b52aa.webp", "optimized_image_small": "projects/office-building-interior-design-execution-drawing/webp/album/album_20250830_062546_564b52aa_small.webp", "optimized_image_medium": "projects/office-building-interior-design-execution-drawing/webp/album/album_20250830_062546_564b52aa_medium.webp", "optimized_image_large": "projects/office-building-interior-design-execution-drawing/webp/album/album_20250830_062546_564b52aa_large.webp", "title": null, "description": null, "order": 2}}, {"model": "portfolio.projectimage", "pk": 212, "fields": {"project": 33, "image": "projects/office-building-interior-design-execution-drawing/album/album_20250830_062546_7fe0526c.jpg", "original_filename": "office-building-nterior-design-execution-drawing_album_20250821_011427_17df0ce1_q95.jpg", "optimized_image": "projects/office-building-interior-design-execution-drawing/webp/album/album_20250830_062546_7fe0526c.webp", "optimized_image_small": "projects/office-building-interior-design-execution-drawing/webp/album/album_20250830_062546_7fe0526c_small.webp", "optimized_image_medium": "projects/office-building-interior-design-execution-drawing/webp/album/album_20250830_062546_7fe0526c_medium.webp", "optimized_image_large": "projects/office-building-interior-design-execution-drawing/webp/album/album_20250830_062546_7fe0526c_large.webp", "title": null, "description": null, "order": 3}}, {"model": "portfolio.projectimage", "pk": 213, "fields": {"project": 33, "image": "projects/office-building-interior-design-execution-drawing/album/album_20250830_062546_c291b47c.jpg", "original_filename": "office-building-nterior-design-execution-drawing_album_20250821_011429_8f3035f2_q95.jpg", "optimized_image": "projects/office-building-interior-design-execution-drawing/webp/album/album_20250830_062546_c291b47c.webp", "optimized_image_small": "projects/office-building-interior-design-execution-drawing/webp/album/album_20250830_062546_c291b47c_small.webp", "optimized_image_medium": "projects/office-building-interior-design-execution-drawing/webp/album/album_20250830_062546_c291b47c_medium.webp", "optimized_image_large": "projects/office-building-interior-design-execution-drawing/webp/album/album_20250830_062546_c291b47c_large.webp", "title": null, "description": null, "order": 4}}, {"model": "portfolio.projectimage", "pk": 214, "fields": {"project": 33, "image": "projects/office-building-interior-design-execution-drawing/album/album_20250830_062546_b03acd30.jpg", "original_filename": "office-building-nterior-design-execution-drawing_album_20250821_011432_c77e7f6c_q95.jpg", "optimized_image": "projects/office-building-interior-design-execution-drawing/webp/album/album_20250830_062546_b03acd30.webp", "optimized_image_small": "projects/office-building-interior-design-execution-drawing/webp/album/album_20250830_062546_b03acd30_small.webp", "optimized_image_medium": "projects/office-building-interior-design-execution-drawing/webp/album/album_20250830_062546_b03acd30_medium.webp", "optimized_image_large": "projects/office-building-interior-design-execution-drawing/webp/album/album_20250830_062546_b03acd30_large.webp", "title": null, "description": null, "order": 5}}, {"model": "portfolio.projectimage", "pk": 215, "fields": {"project": 33, "image": "projects/office-building-interior-design-execution-drawing/album/album_20250830_062546_b9657910.jpg", "original_filename": "office-building-nterior-design-execution-drawing_album_20250821_011435_2dc5390c_q95.jpg", "optimized_image": "projects/office-building-interior-design-execution-drawing/webp/album/album_20250830_062546_b9657910.webp", "optimized_image_small": "projects/office-building-interior-design-execution-drawing/webp/album/album_20250830_062546_b9657910_small.webp", "optimized_image_medium": "projects/office-building-interior-design-execution-drawing/webp/album/album_20250830_062546_b9657910_medium.webp", "optimized_image_large": "projects/office-building-interior-design-execution-drawing/webp/album/album_20250830_062546_b9657910_large.webp", "title": null, "description": null, "order": 6}}, {"model": "portfolio.projectimage", "pk": 216, "fields": {"project": 33, "image": "projects/office-building-interior-design-execution-drawing/album/album_20250830_062546_ea04cb78.jpg", "original_filename": "office-building-nterior-design-execution-drawing_album_20250821_011438_dd3f2916_q95.jpg", "optimized_image": "projects/office-building-interior-design-execution-drawing/webp/album/album_20250830_062546_ea04cb78.webp", "optimized_image_small": "projects/office-building-interior-design-execution-drawing/webp/album/album_20250830_062546_ea04cb78_small.webp", "optimized_image_medium": "projects/office-building-interior-design-execution-drawing/webp/album/album_20250830_062546_ea04cb78_medium.webp", "optimized_image_large": "projects/office-building-interior-design-execution-drawing/webp/album/album_20250830_062546_ea04cb78_large.webp", "title": null, "description": null, "order": 7}}, {"model": "portfolio.projectimage", "pk": 217, "fields": {"project": 33, "image": "projects/office-building-interior-design-execution-drawing/album/album_20250830_062546_14ad931d.jpg", "original_filename": "office-building-nterior-design-execution-drawing_album_20250821_011438_f3ae15bc_q95.jpg", "optimized_image": "projects/office-building-interior-design-execution-drawing/webp/album/album_20250830_062546_14ad931d.webp", "optimized_image_small": "projects/office-building-interior-design-execution-drawing/webp/album/album_20250830_062546_14ad931d_small.webp", "optimized_image_medium": "projects/office-building-interior-design-execution-drawing/webp/album/album_20250830_062546_14ad931d_medium.webp", "optimized_image_large": "projects/office-building-interior-design-execution-drawing/webp/album/album_20250830_062546_14ad931d_large.webp", "title": null, "description": null, "order": 8}}, {"model": "portfolio.projectimage", "pk": 218, "fields": {"project": 33, "image": "projects/office-building-interior-design-execution-drawing/album/album_20250830_062546_3c2bee3f.jpg", "original_filename": "office-building-nterior-design-execution-drawing_album_20250821_011441_cef5eebc_q95.jpg", "optimized_image": "projects/office-building-interior-design-execution-drawing/webp/album/album_20250830_062546_3c2bee3f.webp", "optimized_image_small": "projects/office-building-interior-design-execution-drawing/webp/album/album_20250830_062546_3c2bee3f_small.webp", "optimized_image_medium": "projects/office-building-interior-design-execution-drawing/webp/album/album_20250830_062546_3c2bee3f_medium.webp", "optimized_image_large": "projects/office-building-interior-design-execution-drawing/webp/album/album_20250830_062546_3c2bee3f_large.webp", "title": null, "description": null, "order": 9}}, {"model": "portfolio.projectimage", "pk": 219, "fields": {"project": 33, "image": "projects/office-building-interior-design-execution-drawing/album/album_20250830_062546_eb9be519.jpg", "original_filename": "office-building-nterior-design-execution-drawing_album_20250821_011443_666e9e2e_q95.jpg", "optimized_image": "projects/office-building-interior-design-execution-drawing/webp/album/album_20250830_062546_eb9be519.webp", "optimized_image_small": "projects/office-building-interior-design-execution-drawing/webp/album/album_20250830_062546_eb9be519_small.webp", "optimized_image_medium": "projects/office-building-interior-design-execution-drawing/webp/album/album_20250830_062546_eb9be519_medium.webp", "optimized_image_large": "projects/office-building-interior-design-execution-drawing/webp/album/album_20250830_062546_eb9be519_large.webp", "title": null, "description": null, "order": 10}}, {"model": "portfolio.projectimage", "pk": 220, "fields": {"project": 33, "image": "projects/office-building-interior-design-execution-drawing/album/album_20250830_062546_1046b083.jpg", "original_filename": "office-building-nterior-design-execution-drawing_album_20250821_011443_ab40b35d_q95.jpg", "optimized_image": "projects/office-building-interior-design-execution-drawing/webp/album/album_20250830_062546_1046b083.webp", "optimized_image_small": "projects/office-building-interior-design-execution-drawing/webp/album/album_20250830_062546_1046b083_small.webp", "optimized_image_medium": "projects/office-building-interior-design-execution-drawing/webp/album/album_20250830_062546_1046b083_medium.webp", "optimized_image_large": "projects/office-building-interior-design-execution-drawing/webp/album/album_20250830_062546_1046b083_large.webp", "title": null, "description": null, "order": 11}}, {"model": "portfolio.projectimage", "pk": 248, "fields": {"project": 40, "image": "projects/housing-in-new-communities/album/album_20250830_072049_bfd4dea0.jpg", "original_filename": "housing-in-new-communities_album_20250821_014550_d63583aa_q95.jpg", "optimized_image": "projects/housing-in-new-communities/webp/album/album_20250830_072049_bfd4dea0.webp", "optimized_image_small": "projects/housing-in-new-communities/webp/album/album_20250830_072049_bfd4dea0_small.webp", "optimized_image_medium": "projects/housing-in-new-communities/webp/album/album_20250830_072049_bfd4dea0_medium.webp", "optimized_image_large": "projects/housing-in-new-communities/webp/album/album_20250830_072049_bfd4dea0_large.webp", "title": null, "description": null, "order": 0}}, {"model": "portfolio.projectimage", "pk": 249, "fields": {"project": 40, "image": "projects/housing-in-new-communities/album/album_20250830_072049_0a3cdd2a.jpg", "original_filename": "housing-in-new-communities_album_20250821_014550_e266cfb8_q95.jpg", "optimized_image": "projects/housing-in-new-communities/webp/album/album_20250830_072049_0a3cdd2a.webp", "optimized_image_small": "projects/housing-in-new-communities/webp/album/album_20250830_072049_0a3cdd2a_small.webp", "optimized_image_medium": "projects/housing-in-new-communities/webp/album/album_20250830_072049_0a3cdd2a_medium.webp", "optimized_image_large": "projects/housing-in-new-communities/webp/album/album_20250830_072049_0a3cdd2a_large.webp", "title": null, "description": null, "order": 1}}, {"model": "portfolio.projectimage", "pk": 250, "fields": {"project": 40, "image": "projects/housing-in-new-communities/album/album_20250830_072049_ffa8f1f2.jpg", "original_filename": "housing-in-new-communities_album_20250821_014556_20f745ee_q95.jpg", "optimized_image": "projects/housing-in-new-communities/webp/album/album_20250830_072049_ffa8f1f2.webp", "optimized_image_small": "projects/housing-in-new-communities/webp/album/album_20250830_072049_ffa8f1f2_small.webp", "optimized_image_medium": "projects/housing-in-new-communities/webp/album/album_20250830_072049_ffa8f1f2_medium.webp", "optimized_image_large": "projects/housing-in-new-communities/webp/album/album_20250830_072049_ffa8f1f2_large.webp", "title": null, "description": null, "order": 2}}, {"model": "portfolio.projectimage", "pk": 251, "fields": {"project": 41, "image": "projects/bedroom-design-execution-drawings/album/album_20250830_072150_12c36891.jpg", "original_filename": "bedroom-design-execution-drawings_album_20250821_025104_12c70b27_q95.jpg", "optimized_image": "projects/bedroom-design-execution-drawings/webp/album/album_20250830_072150_12c36891.webp", "optimized_image_small": "projects/bedroom-design-execution-drawings/webp/album/album_20250830_072150_12c36891_small.webp", "optimized_image_medium": "projects/bedroom-design-execution-drawings/webp/album/album_20250830_072150_12c36891_medium.webp", "optimized_image_large": "projects/bedroom-design-execution-drawings/webp/album/album_20250830_072150_12c36891_large.webp", "title": null, "description": null, "order": 0}}, {"model": "portfolio.projectimage", "pk": 252, "fields": {"project": 41, "image": "projects/bedroom-design-execution-drawings/album/album_20250830_072150_7142c0d5.jpg", "original_filename": "bedroom-design-execution-drawings_album_20250821_025104_e69e39a4_q95.jpg", "optimized_image": "projects/bedroom-design-execution-drawings/webp/album/album_20250830_072150_7142c0d5.webp", "optimized_image_small": "projects/bedroom-design-execution-drawings/webp/album/album_20250830_072150_7142c0d5_small.webp", "optimized_image_medium": "projects/bedroom-design-execution-drawings/webp/album/album_20250830_072150_7142c0d5_medium.webp", "optimized_image_large": "projects/bedroom-design-execution-drawings/webp/album/album_20250830_072150_7142c0d5_large.webp", "title": null, "description": null, "order": 1}}, {"model": "portfolio.projectimage", "pk": 253, "fields": {"project": 41, "image": "projects/bedroom-design-execution-drawings/album/album_20250830_072150_33c3d242.jpg", "original_filename": "bedroom-design-execution-drawings_album_20250821_025107_c828f7ef_q95.jpg", "optimized_image": "projects/bedroom-design-execution-drawings/webp/album/album_20250830_072150_33c3d242.webp", "optimized_image_small": "projects/bedroom-design-execution-drawings/webp/album/album_20250830_072150_33c3d242_small.webp", "optimized_image_medium": "projects/bedroom-design-execution-drawings/webp/album/album_20250830_072150_33c3d242_medium.webp", "optimized_image_large": "projects/bedroom-design-execution-drawings/webp/album/album_20250830_072150_33c3d242_large.webp", "title": null, "description": null, "order": 2}}, {"model": "portfolio.projectimage", "pk": 254, "fields": {"project": 41, "image": "projects/bedroom-design-execution-drawings/album/album_20250830_072150_0e2ffa12.jpg", "original_filename": "bedroom-design-execution-drawings_album_20250821_025109_768d84dd_q95.jpg", "optimized_image": "projects/bedroom-design-execution-drawings/webp/album/album_20250830_072150_0e2ffa12.webp", "optimized_image_small": "projects/bedroom-design-execution-drawings/webp/album/album_20250830_072150_0e2ffa12_small.webp", "optimized_image_medium": "projects/bedroom-design-execution-drawings/webp/album/album_20250830_072150_0e2ffa12_medium.webp", "optimized_image_large": "projects/bedroom-design-execution-drawings/webp/album/album_20250830_072150_0e2ffa12_large.webp", "title": null, "description": null, "order": 3}}, {"model": "portfolio.projectimage", "pk": 255, "fields": {"project": 41, "image": "projects/bedroom-design-execution-drawings/album/album_20250830_072150_be4ae286.jpg", "original_filename": "bedroom-design-execution-drawings_album_20250821_025112_026d018d_q95.jpg", "optimized_image": "projects/bedroom-design-execution-drawings/webp/album/album_20250830_072150_be4ae286.webp", "optimized_image_small": "projects/bedroom-design-execution-drawings/webp/album/album_20250830_072150_be4ae286_small.webp", "optimized_image_medium": "projects/bedroom-design-execution-drawings/webp/album/album_20250830_072150_be4ae286_medium.webp", "optimized_image_large": "projects/bedroom-design-execution-drawings/webp/album/album_20250830_072150_be4ae286_large.webp", "title": null, "description": null, "order": 4}}, {"model": "portfolio.projectimage", "pk": 256, "fields": {"project": 41, "image": "projects/bedroom-design-execution-drawings/album/album_20250830_072150_bc111ce9.jpg", "original_filename": "bedroom-design-execution-drawings_album_20250821_025112_aeb2553d_q95.jpg", "optimized_image": "projects/bedroom-design-execution-drawings/webp/album/album_20250830_072150_bc111ce9.webp", "optimized_image_small": "projects/bedroom-design-execution-drawings/webp/album/album_20250830_072150_bc111ce9_small.webp", "optimized_image_medium": "projects/bedroom-design-execution-drawings/webp/album/album_20250830_072150_bc111ce9_medium.webp", "optimized_image_large": "projects/bedroom-design-execution-drawings/webp/album/album_20250830_072150_bc111ce9_large.webp", "title": null, "description": null, "order": 5}}, {"model": "portfolio.projectimage", "pk": 257, "fields": {"project": 42, "image": "projects/vip-seating-area/album/album_20250830_075016_e9d00031.jpg", "original_filename": "vip-seating-area_album_20250821_063553_667332fd_q95.jpg", "optimized_image": "projects/vip-seating-area/webp/album/album_20250830_075016_e9d00031.webp", "optimized_image_small": "projects/vip-seating-area/webp/album/album_20250830_075016_e9d00031_small.webp", "optimized_image_medium": "projects/vip-seating-area/webp/album/album_20250830_075016_e9d00031_medium.webp", "optimized_image_large": "projects/vip-seating-area/webp/album/album_20250830_075016_e9d00031_large.webp", "title": null, "description": null, "order": 0}}, {"model": "portfolio.projectimage", "pk": 258, "fields": {"project": 42, "image": "projects/vip-seating-area/album/album_20250830_075016_bd2353cf.jpg", "original_filename": "vip-seating-area_album_20250821_063553_ffb58d39_q95.jpg", "optimized_image": "projects/vip-seating-area/webp/album/album_20250830_075016_bd2353cf.webp", "optimized_image_small": "projects/vip-seating-area/webp/album/album_20250830_075016_bd2353cf_small.webp", "optimized_image_medium": "projects/vip-seating-area/webp/album/album_20250830_075016_bd2353cf_medium.webp", "optimized_image_large": "projects/vip-seating-area/webp/album/album_20250830_075016_bd2353cf_large.webp", "title": null, "description": null, "order": 1}}, {"model": "portfolio.projectimage", "pk": 259, "fields": {"project": 43, "image": "projects/kitchen-execution-drawings/album/album_20250830_075653_d6261080.jpg", "original_filename": "kitchen-execution-drawings_album_20250821_073649_321f882a_q95.jpg", "optimized_image": "projects/kitchen-execution-drawings/webp/album/album_20250830_075653_d6261080.webp", "optimized_image_small": "projects/kitchen-execution-drawings/webp/album/album_20250830_075653_d6261080_small.webp", "optimized_image_medium": "projects/kitchen-execution-drawings/webp/album/album_20250830_075653_d6261080_medium.webp", "optimized_image_large": "projects/kitchen-execution-drawings/webp/album/album_20250830_075653_d6261080_large.webp", "title": null, "description": null, "order": 0}}, {"model": "portfolio.projectimage", "pk": 260, "fields": {"project": 43, "image": "projects/kitchen-execution-drawings/album/album_20250830_075653_7b695fae.jpg", "original_filename": "kitchen-execution-drawings_album_20250821_073650_90b947a6_q95.jpg", "optimized_image": "projects/kitchen-execution-drawings/webp/album/album_20250830_075653_7b695fae.webp", "optimized_image_small": "projects/kitchen-execution-drawings/webp/album/album_20250830_075653_7b695fae_small.webp", "optimized_image_medium": "projects/kitchen-execution-drawings/webp/album/album_20250830_075653_7b695fae_medium.webp", "optimized_image_large": "projects/kitchen-execution-drawings/webp/album/album_20250830_075653_7b695fae_large.webp", "title": null, "description": null, "order": 1}}, {"model": "portfolio.projectimage", "pk": 261, "fields": {"project": 43, "image": "projects/kitchen-execution-drawings/album/album_20250830_075653_f1eb3440.jpg", "original_filename": "kitchen-execution-drawings_album_20250821_073651_60d6875d_q95.jpg", "optimized_image": "projects/kitchen-execution-drawings/webp/album/album_20250830_075653_f1eb3440.webp", "optimized_image_small": "projects/kitchen-execution-drawings/webp/album/album_20250830_075653_f1eb3440_small.webp", "optimized_image_medium": "projects/kitchen-execution-drawings/webp/album/album_20250830_075653_f1eb3440_medium.webp", "optimized_image_large": "projects/kitchen-execution-drawings/webp/album/album_20250830_075653_f1eb3440_large.webp", "title": null, "description": null, "order": 2}}, {"model": "portfolio.projectimage", "pk": 262, "fields": {"project": 43, "image": "projects/kitchen-execution-drawings/album/album_20250830_075653_fe39186f.jpg", "original_filename": "kitchen-execution-drawings_album_20250821_073653_d2cc4547_q95.jpg", "optimized_image": "projects/kitchen-execution-drawings/webp/album/album_20250830_075653_fe39186f.webp", "optimized_image_small": "projects/kitchen-execution-drawings/webp/album/album_20250830_075653_fe39186f_small.webp", "optimized_image_medium": "projects/kitchen-execution-drawings/webp/album/album_20250830_075653_fe39186f_medium.webp", "optimized_image_large": "projects/kitchen-execution-drawings/webp/album/album_20250830_075653_fe39186f_large.webp", "title": null, "description": null, "order": 3}}, {"model": "portfolio.projectimage", "pk": 263, "fields": {"project": 43, "image": "projects/kitchen-execution-drawings/album/album_20250830_075653_4ed83ae4.jpg", "original_filename": "kitchen-execution-drawings_album_20250821_073654_88182c68_q95.jpg", "optimized_image": "projects/kitchen-execution-drawings/webp/album/album_20250830_075653_4ed83ae4.webp", "optimized_image_small": "projects/kitchen-execution-drawings/webp/album/album_20250830_075653_4ed83ae4_small.webp", "optimized_image_medium": "projects/kitchen-execution-drawings/webp/album/album_20250830_075653_4ed83ae4_medium.webp", "optimized_image_large": "projects/kitchen-execution-drawings/webp/album/album_20250830_075653_4ed83ae4_large.webp", "title": null, "description": null, "order": 4}}, {"model": "portfolio.projectimage", "pk": 264, "fields": {"project": 43, "image": "projects/kitchen-execution-drawings/album/album_20250830_075653_b0a8a10d.jpg", "original_filename": "kitchen-execution-drawings_album_20250821_073655_137a1822_q95.jpg", "optimized_image": "projects/kitchen-execution-drawings/webp/album/album_20250830_075653_b0a8a10d.webp", "optimized_image_small": "projects/kitchen-execution-drawings/webp/album/album_20250830_075653_b0a8a10d_small.webp", "optimized_image_medium": "projects/kitchen-execution-drawings/webp/album/album_20250830_075653_b0a8a10d_medium.webp", "optimized_image_large": "projects/kitchen-execution-drawings/webp/album/album_20250830_075653_b0a8a10d_large.webp", "title": null, "description": null, "order": 5}}, {"model": "portfolio.projectimage", "pk": 265, "fields": {"project": 44, "image": "projects/coffee-shop-execution-drawings/album/album_20250830_080753_68826662.jpg", "original_filename": "coffee-shop-execution-drawings_album_20250821_080023_93dd4b0b_q95.jpg", "optimized_image": "projects/coffee-shop-execution-drawings/webp/album/album_20250830_080753_68826662.webp", "optimized_image_small": "projects/coffee-shop-execution-drawings/webp/album/album_20250830_080753_68826662_small.webp", "optimized_image_medium": "projects/coffee-shop-execution-drawings/webp/album/album_20250830_080753_68826662_medium.webp", "optimized_image_large": "projects/coffee-shop-execution-drawings/webp/album/album_20250830_080753_68826662_large.webp", "title": null, "description": null, "order": 0}}, {"model": "portfolio.projectimage", "pk": 266, "fields": {"project": 44, "image": "projects/coffee-shop-execution-drawings/album/album_20250830_080753_fda8b4b1.jpg", "original_filename": "coffee-shop-execution-drawings_album_20250821_080028_9e7d2300_q95.jpg", "optimized_image": "projects/coffee-shop-execution-drawings/webp/album/album_20250830_080753_fda8b4b1.webp", "optimized_image_small": "projects/coffee-shop-execution-drawings/webp/album/album_20250830_080753_fda8b4b1_small.webp", "optimized_image_medium": "projects/coffee-shop-execution-drawings/webp/album/album_20250830_080753_fda8b4b1_medium.webp", "optimized_image_large": "projects/coffee-shop-execution-drawings/webp/album/album_20250830_080753_fda8b4b1_large.webp", "title": null, "description": null, "order": 1}}, {"model": "portfolio.projectimage", "pk": 267, "fields": {"project": 44, "image": "projects/coffee-shop-execution-drawings/album/album_20250830_080753_c5f097a2.jpg", "original_filename": "coffee-shop-execution-drawings_album_20250821_080031_c4ff1c37_q95.jpg", "optimized_image": "projects/coffee-shop-execution-drawings/webp/album/album_20250830_080753_c5f097a2.webp", "optimized_image_small": "projects/coffee-shop-execution-drawings/webp/album/album_20250830_080753_c5f097a2_small.webp", "optimized_image_medium": "projects/coffee-shop-execution-drawings/webp/album/album_20250830_080753_c5f097a2_medium.webp", "optimized_image_large": "projects/coffee-shop-execution-drawings/webp/album/album_20250830_080753_c5f097a2_large.webp", "title": null, "description": null, "order": 2}}, {"model": "portfolio.projectimage", "pk": 268, "fields": {"project": 44, "image": "projects/coffee-shop-execution-drawings/album/album_20250830_080753_745e7e38.jpg", "original_filename": "coffee-shop-execution-drawings_album_20250821_080034_3a436fa2_q95.jpg", "optimized_image": "projects/coffee-shop-execution-drawings/webp/album/album_20250830_080753_745e7e38.webp", "optimized_image_small": "projects/coffee-shop-execution-drawings/webp/album/album_20250830_080753_745e7e38_small.webp", "optimized_image_medium": "projects/coffee-shop-execution-drawings/webp/album/album_20250830_080753_745e7e38_medium.webp", "optimized_image_large": "projects/coffee-shop-execution-drawings/webp/album/album_20250830_080753_745e7e38_large.webp", "title": null, "description": null, "order": 3}}, {"model": "portfolio.projectimage", "pk": 269, "fields": {"project": 44, "image": "projects/coffee-shop-execution-drawings/album/album_20250830_080753_3eeb61a2.jpg", "original_filename": "coffee-shop-execution-drawings_album_20250821_080035_be08eb61_q95.jpg", "optimized_image": "projects/coffee-shop-execution-drawings/webp/album/album_20250830_080753_3eeb61a2.webp", "optimized_image_small": "projects/coffee-shop-execution-drawings/webp/album/album_20250830_080753_3eeb61a2_small.webp", "optimized_image_medium": "projects/coffee-shop-execution-drawings/webp/album/album_20250830_080753_3eeb61a2_medium.webp", "optimized_image_large": "projects/coffee-shop-execution-drawings/webp/album/album_20250830_080753_3eeb61a2_large.webp", "title": null, "description": null, "order": 4}}, {"model": "portfolio.projectimage", "pk": 270, "fields": {"project": 44, "image": "projects/coffee-shop-execution-drawings/album/album_20250830_080753_d3d0cc78.jpg", "original_filename": "coffee-shop-execution-drawings_album_20250821_080039_d1f6178f_q95.jpg", "optimized_image": "projects/coffee-shop-execution-drawings/webp/album/album_20250830_080753_d3d0cc78.webp", "optimized_image_small": "projects/coffee-shop-execution-drawings/webp/album/album_20250830_080753_d3d0cc78_small.webp", "optimized_image_medium": "projects/coffee-shop-execution-drawings/webp/album/album_20250830_080753_d3d0cc78_medium.webp", "optimized_image_large": "projects/coffee-shop-execution-drawings/webp/album/album_20250830_080753_d3d0cc78_large.webp", "title": null, "description": null, "order": 5}}, {"model": "portfolio.projectimage", "pk": 271, "fields": {"project": 45, "image": "projects/digital-creativity-house-small-firm-headquarter-al/album/album_20250830_081313_e0dcbadc.jpg", "original_filename": "digital-creativity-house-small-firm-headquarter-al_album_20250821_08211_WDGpZqD_q95.jpg", "optimized_image": "projects/digital-creativity-house-small-firm-headquarter-al/webp/album/album_20250830_081313_e0dcbadc.webp", "optimized_image_small": "projects/digital-creativity-house-small-firm-headquarter-al/webp/album/album_20250830_081313_e0dcbadc_small.webp", "optimized_image_medium": "projects/digital-creativity-house-small-firm-headquarter-al/webp/album/album_20250830_081313_e0dcbadc_medium.webp", "optimized_image_large": "projects/digital-creativity-house-small-firm-headquarter-al/webp/album/album_20250830_081313_e0dcbadc_large.webp", "title": null, "description": null, "order": 0}}, {"model": "portfolio.projectimage", "pk": 272, "fields": {"project": 45, "image": "projects/digital-creativity-house-small-firm-headquarter-al/album/album_20250830_081313_fc6f469e.jpg", "original_filename": "digital-creativity-house-small-firm-headquarter-al_album_20250821_08212_aA0FNWz_q95.jpg", "optimized_image": "projects/digital-creativity-house-small-firm-headquarter-al/webp/album/album_20250830_081313_fc6f469e.webp", "optimized_image_small": "projects/digital-creativity-house-small-firm-headquarter-al/webp/album/album_20250830_081313_fc6f469e_small.webp", "optimized_image_medium": "projects/digital-creativity-house-small-firm-headquarter-al/webp/album/album_20250830_081313_fc6f469e_medium.webp", "optimized_image_large": "projects/digital-creativity-house-small-firm-headquarter-al/webp/album/album_20250830_081313_fc6f469e_large.webp", "title": null, "description": null, "order": 1}}, {"model": "portfolio.projectimage", "pk": 273, "fields": {"project": 45, "image": "projects/digital-creativity-house-small-firm-headquarter-al/album/album_20250830_081313_5a312092.jpg", "original_filename": "digital-creativity-house-small-firm-headquarter-al_album_20250821_08212_sexIo1v_q95.jpg", "optimized_image": "projects/digital-creativity-house-small-firm-headquarter-al/webp/album/album_20250830_081313_5a312092.webp", "optimized_image_small": "projects/digital-creativity-house-small-firm-headquarter-al/webp/album/album_20250830_081313_5a312092_small.webp", "optimized_image_medium": "projects/digital-creativity-house-small-firm-headquarter-al/webp/album/album_20250830_081313_5a312092_medium.webp", "optimized_image_large": "projects/digital-creativity-house-small-firm-headquarter-al/webp/album/album_20250830_081313_5a312092_large.webp", "title": null, "description": null, "order": 2}}, {"model": "portfolio.projectimage", "pk": 274, "fields": {"project": 45, "image": "projects/digital-creativity-house-small-firm-headquarter-al/album/album_20250830_081313_2988aaef.jpg", "original_filename": "digital-creativity-house-small-firm-headquarter-al_album_20250821_082115_6unPNMp_q95.jpg", "optimized_image": "projects/digital-creativity-house-small-firm-headquarter-al/webp/album/album_20250830_081313_2988aaef.webp", "optimized_image_small": "projects/digital-creativity-house-small-firm-headquarter-al/webp/album/album_20250830_081313_2988aaef_small.webp", "optimized_image_medium": "projects/digital-creativity-house-small-firm-headquarter-al/webp/album/album_20250830_081313_2988aaef_medium.webp", "optimized_image_large": "projects/digital-creativity-house-small-firm-headquarter-al/webp/album/album_20250830_081313_2988aaef_large.webp", "title": null, "description": null, "order": 3}}, {"model": "portfolio.projectimage", "pk": 275, "fields": {"project": 45, "image": "projects/digital-creativity-house-small-firm-headquarter-al/album/album_20250830_081313_4d798833.jpg", "original_filename": "digital-creativity-house-small-firm-headquarter-al_album_20250821_082118_aRWUYwt_q95.jpg", "optimized_image": "projects/digital-creativity-house-small-firm-headquarter-al/webp/album/album_20250830_081313_4d798833.webp", "optimized_image_small": "projects/digital-creativity-house-small-firm-headquarter-al/webp/album/album_20250830_081313_4d798833_small.webp", "optimized_image_medium": "projects/digital-creativity-house-small-firm-headquarter-al/webp/album/album_20250830_081313_4d798833_medium.webp", "optimized_image_large": "projects/digital-creativity-house-small-firm-headquarter-al/webp/album/album_20250830_081313_4d798833_large.webp", "title": null, "description": null, "order": 4}}, {"model": "portfolio.projectimage", "pk": 276, "fields": {"project": 45, "image": "projects/digital-creativity-house-small-firm-headquarter-al/album/album_20250830_081313_eb6cbdef.jpg", "original_filename": "digital-creativity-house-small-firm-headquarter-al_album_20250821_082118_CSzdHbY_q95.jpg", "optimized_image": "projects/digital-creativity-house-small-firm-headquarter-al/webp/album/album_20250830_081313_eb6cbdef.webp", "optimized_image_small": "projects/digital-creativity-house-small-firm-headquarter-al/webp/album/album_20250830_081313_eb6cbdef_small.webp", "optimized_image_medium": "projects/digital-creativity-house-small-firm-headquarter-al/webp/album/album_20250830_081313_eb6cbdef_medium.webp", "optimized_image_large": "projects/digital-creativity-house-small-firm-headquarter-al/webp/album/album_20250830_081313_eb6cbdef_large.webp", "title": null, "description": null, "order": 5}}, {"model": "portfolio.projectimage", "pk": 277, "fields": {"project": 45, "image": "projects/digital-creativity-house-small-firm-headquarter-al/album/album_20250830_081313_198aacb8.jpg", "original_filename": "digital-creativity-house-small-firm-headquarter-al_album_20250821_082118_M13NMqq_q95.jpg", "optimized_image": "projects/digital-creativity-house-small-firm-headquarter-al/webp/album/album_20250830_081313_198aacb8.webp", "optimized_image_small": "projects/digital-creativity-house-small-firm-headquarter-al/webp/album/album_20250830_081313_198aacb8_small.webp", "optimized_image_medium": "projects/digital-creativity-house-small-firm-headquarter-al/webp/album/album_20250830_081313_198aacb8_medium.webp", "optimized_image_large": "projects/digital-creativity-house-small-firm-headquarter-al/webp/album/album_20250830_081313_198aacb8_large.webp", "title": null, "description": null, "order": 6}}, {"model": "portfolio.projectimage", "pk": 278, "fields": {"project": 45, "image": "projects/digital-creativity-house-small-firm-headquarter-al/album/album_20250830_081313_35cd26d8.jpg", "original_filename": "digital-creativity-house-small-firm-headquarter-al_album_20250821_082118_MJNvDwd_q95.jpg", "optimized_image": "projects/digital-creativity-house-small-firm-headquarter-al/webp/album/album_20250830_081313_35cd26d8.webp", "optimized_image_small": "projects/digital-creativity-house-small-firm-headquarter-al/webp/album/album_20250830_081313_35cd26d8_small.webp", "optimized_image_medium": "projects/digital-creativity-house-small-firm-headquarter-al/webp/album/album_20250830_081313_35cd26d8_medium.webp", "optimized_image_large": "projects/digital-creativity-house-small-firm-headquarter-al/webp/album/album_20250830_081313_35cd26d8_large.webp", "title": null, "description": null, "order": 7}}, {"model": "portfolio.projectimage", "pk": 279, "fields": {"project": 45, "image": "projects/digital-creativity-house-small-firm-headquarter-al/album/album_20250830_081313_5a42503a.jpg", "original_filename": "digital-creativity-house-small-firm-headquarter-al_album_20250821_082118_RzZSwGU_q95.jpg", "optimized_image": "projects/digital-creativity-house-small-firm-headquarter-al/webp/album/album_20250830_081313_5a42503a.webp", "optimized_image_small": "projects/digital-creativity-house-small-firm-headquarter-al/webp/album/album_20250830_081313_5a42503a_small.webp", "optimized_image_medium": "projects/digital-creativity-house-small-firm-headquarter-al/webp/album/album_20250830_081313_5a42503a_medium.webp", "optimized_image_large": "projects/digital-creativity-house-small-firm-headquarter-al/webp/album/album_20250830_081313_5a42503a_large.webp", "title": null, "description": null, "order": 8}}, {"model": "portfolio.projectimage", "pk": 280, "fields": {"project": 45, "image": "projects/digital-creativity-house-small-firm-headquarter-al/album/album_20250830_081313_4919abaf.jpg", "original_filename": "digital-creativity-house-small-firm-headquarter-al_album_20250821_082122_0FXI0Ex_q95.jpg", "optimized_image": "projects/digital-creativity-house-small-firm-headquarter-al/webp/album/album_20250830_081313_4919abaf.webp", "optimized_image_small": "projects/digital-creativity-house-small-firm-headquarter-al/webp/album/album_20250830_081313_4919abaf_small.webp", "optimized_image_medium": "projects/digital-creativity-house-small-firm-headquarter-al/webp/album/album_20250830_081313_4919abaf_medium.webp", "optimized_image_large": "projects/digital-creativity-house-small-firm-headquarter-al/webp/album/album_20250830_081313_4919abaf_large.webp", "title": null, "description": null, "order": 9}}, {"model": "portfolio.projectimage", "pk": 281, "fields": {"project": 45, "image": "projects/digital-creativity-house-small-firm-headquarter-al/album/album_20250830_081313_07d93fec.jpg", "original_filename": "digital-creativity-house-small-firm-headquarter-al_album_20250821_082122_htEFhpF_q95.jpg", "optimized_image": "projects/digital-creativity-house-small-firm-headquarter-al/webp/album/album_20250830_081313_07d93fec.webp", "optimized_image_small": "projects/digital-creativity-house-small-firm-headquarter-al/webp/album/album_20250830_081313_07d93fec_small.webp", "optimized_image_medium": "projects/digital-creativity-house-small-firm-headquarter-al/webp/album/album_20250830_081313_07d93fec_medium.webp", "optimized_image_large": "projects/digital-creativity-house-small-firm-headquarter-al/webp/album/album_20250830_081313_07d93fec_large.webp", "title": null, "description": null, "order": 10}}, {"model": "portfolio.projectimage", "pk": 282, "fields": {"project": 45, "image": "projects/digital-creativity-house-small-firm-headquarter-al/album/album_20250830_081313_77bf38e3.jpg", "original_filename": "digital-creativity-house-small-firm-headquarter-al_album_20250821_082122_OQi6Av7_q95.jpg", "optimized_image": "projects/digital-creativity-house-small-firm-headquarter-al/webp/album/album_20250830_081313_77bf38e3.webp", "optimized_image_small": "projects/digital-creativity-house-small-firm-headquarter-al/webp/album/album_20250830_081313_77bf38e3_small.webp", "optimized_image_medium": "projects/digital-creativity-house-small-firm-headquarter-al/webp/album/album_20250830_081313_77bf38e3_medium.webp", "optimized_image_large": "projects/digital-creativity-house-small-firm-headquarter-al/webp/album/album_20250830_081313_77bf38e3_large.webp", "title": null, "description": null, "order": 11}}, {"model": "portfolio.projectimage", "pk": 283, "fields": {"project": 45, "image": "projects/digital-creativity-house-small-firm-headquarter-al/album/album_20250830_081313_bc9af101.jpg", "original_filename": "digital-creativity-house-small-firm-headquarter-al_album_20250821_082122_U3Bkie2_q95.jpg", "optimized_image": "projects/digital-creativity-house-small-firm-headquarter-al/webp/album/album_20250830_081313_bc9af101.webp", "optimized_image_small": "projects/digital-creativity-house-small-firm-headquarter-al/webp/album/album_20250830_081313_bc9af101_small.webp", "optimized_image_medium": "projects/digital-creativity-house-small-firm-headquarter-al/webp/album/album_20250830_081313_bc9af101_medium.webp", "optimized_image_large": "projects/digital-creativity-house-small-firm-headquarter-al/webp/album/album_20250830_081313_bc9af101_large.webp", "title": null, "description": null, "order": 12}}, {"model": "portfolio.user", "fields": {"password": "pbkdf2_sha256$1000000$TcOlaZu1Ha2pcsDaV2t7UR$aDs3tQUNekeduDK7d/qE8Z9X1pMn6YJVl2otrXLNMao=", "last_login": "2025-08-29T22:55:16.390Z", "is_superuser": true, "username": "admin", "first_name": "", "last_name": "", "is_staff": true, "is_active": true, "date_joined": "2025-08-29T22:55:09.635Z", "email": "admin@admin.com", "groups": [], "user_permissions": []}}, {"model": "portfolio.user", "fields": {"password": "pbkdf2_sha256$1000000$oYzo4VDOLIBAeTQh27U0Lj$1txZ5/qPYoS2oC5Q4OWb086zhHVQy8U71XqKAjK9hYI=", "last_login": null, "is_superuser": true, "username": "alxdesigns", "first_name": "", "last_name": "", "is_staff": true, "is_active": true, "date_joined": "2025-08-29T22:55:46.682Z", "email": "mohamedmas3oud5@gmail.com", "groups": [], "user_permissions": []}}, {"model": "authtoken.token", "pk": "50fa62f7f596407282e0d740ed45fe5d23a98362", "fields": {"user": ["alxdesigns"], "created": "2025-08-29T22:55:47.440Z"}}, {"model": "authtoken.token", "pk": "db4472922518512e59b48adebe0762111cf0dcac", "fields": {"user": ["admin"], "created": "2025-08-29T22:55:10.354Z"}}, {"model": "admin.logentry", "pk": 1, "fields": {"action_time": "2025-08-29T22:55:47.442Z", "user": ["admin"], "content_type": ["portfolio", "user"], "object_id": "2", "object_repr": "alxdesigns", "action_flag": 1, "change_message": "[{\"added\": {}}]"}}, {"model": "admin.logentry", "pk": 2, "fields": {"action_time": "2025-08-29T22:56:09.064Z", "user": ["admin"], "content_type": ["portfolio", "user"], "object_id": "2", "object_repr": "alxdesigns", "action_flag": 2, "change_message": "[{\"changed\": {\"fields\": [\"Staff status\", \"Superuser status\"]}}]"}}, {"model": "admin.logentry", "pk": 3, "fields": {"action_time": "2025-08-30T01:17:08.322Z", "user": ["admin"], "content_type": ["portfolio", "project"], "object_id": "9", "object_repr": "15-20 minutes neighbourhood", "action_flag": 2, "change_message": "[{\"deleted\": {\"name\": \"Project Image\", \"object\": \"15-20 minutes neighbourhood - Image None\"}}]"}}, {"model": "admin.logentry", "pk": 4, "fields": {"action_time": "2025-08-30T01:17:13.950Z", "user": ["admin"], "content_type": ["portfolio", "project"], "object_id": "9", "object_repr": "15-20 minutes neighbourhood", "action_flag": 2, "change_message": "[]"}}, {"model": "admin.logentry", "pk": 5, "fields": {"action_time": "2025-08-30T06:02:49.689Z", "user": ["admin"], "content_type": ["portfolio", "project"], "object_id": "32", "object_repr": "Office Building | Interior Design | Execution Drawing", "action_flag": 2, "change_message": "[{\"added\": {\"name\": \"Project Image\", \"object\": \"Office Building | Interior Design | Execution Drawing - Image 196\"}}]"}}, {"model": "admin.logentry", "pk": 6, "fields": {"action_time": "2025-08-30T06:06:28.385Z", "user": ["admin"], "content_type": ["portfolio", "project"], "object_id": "32", "object_repr": "Office Building | Interior Design | Execution Drawing", "action_flag": 2, "change_message": "[{\"deleted\": {\"name\": \"Project Image\", \"object\": \"Office Building | Interior Design | Execution Drawing - Image None\"}}]"}}]